Station Id,Station Name_x,Latitude,Longitude,Snow Water Equivalent (in) Start of Day Values,Change In Snow Water Equivalent (in),Snow Depth (in) Start of Day Values,Change In Snow Depth (in)
301,Adin Mtn,41.23583,-120.79191999999999,8.4,-0.2,29.0,0.0
907,Agua Canyon,37.52217,-112.27118,3.2,-0.1,12.0,0.0
916,Albro Lake,45.597229999999996,-111.95902,9.0,0.1,41.0,-1.0
1267,Alexander Lake,61.749669999999995,-150.88967,7.8,-0.3,30.0,-1.0
908,Alpine Meadows,47.77957,-121.69847,34.5,0.2,,
1239,Althouse,41.99617,-123.547,,,,
1198,American Beauty,40.53373,-115.45768000000001,,,24.0,-1.0
1189,American Creek,64.78969000000001,-141.23376000000002,2.6,-0.1,,
1062,Anchor River Divide,59.859719999999996,-151.315,14.3,-0.1,48.0,0.0
1070,Anchorage Hillside,61.114830000000005,-149.66683,10.1,-0.2,38.0,0.0
302,Aneroid Lake #2,45.21328,-117.19258,,,,
1000,Annie Springs,42.87007,-122.16518,23.1,-0.1,70.0,0.0
1245,Anthony Lake,44.9591,-118.22668,,,43.0,-1.0
303,Apishapa,37.33062,-105.06748999999999,4.8,-0.1,15.0,0.0
1030,Arapaho Ridge,40.35098,-106.35098,12.8,-0.1,55.0,-3.0
304,Arbuckle Mtn,45.19085,-119.25392,11.6,-0.1,40.0,0.0
1165,Ashley Divide,48.201609999999995,-114.51495,,,17.0,0.0
957,Atigun Pass,68.12983,-149.47817,,,37.0,1.0
306,Atlanta Summit,43.7569,-115.23907,17.5,0.0,69.0,-1.0
307,Badger Pass,48.13088,-113.02317,23.7,0.2,69.0,0.0
308,Baker Butte,34.4566,-111.40643,4.5,-0.1,12.0,-1.0
1140,Baker Butte Smt,34.45547,-111.38271999999999,8.4,0.0,,
1240,Bald Mtn AM,41.78333,-119.61667,,,,
447,Bald Mtn AM OR,45.21158,-117.6626,,,64.0,0.0
309,Bald Mtn.,44.8007,-107.84442,12.2,0.1,59.0,-2.0
310,Baldy,33.97883,-109.50344,1.2,-0.2,3.0,0.0
311,Banfield Mountain,48.5712,-115.44573000000001,11.4,-0.2,44.0,-2.0
312,Banner Summit,44.30342,-115.23447,15.4,-0.2,59.0,-1.0
1212,Bar M,34.86136,-111.60503,2.8,-0.2,6.0,-1.0
313,Barker Lakes,46.09713,-113.13038,9.4,0.2,,
1246,Barney Creek,44.360690000000005,-118.31114,,,26.0,0.0
314,Base Camp,43.94019,-110.44543999999999,12.4,-0.2,58.0,-1.0
315,Basin Creek,45.79737,-112.52046999999999,4.1,0.1,26.0,-1.0
1190,Bassoo Peak,47.85562,-114.75841000000001,,,22.0,0.0
316,Bateman,36.51174,-106.31543,6.1,-0.1,24.0,0.0
1295,Battle Creek AM,42.47694,-116.32576,,,0.0,-2.0
317,Battle Mountain,41.05413,-107.26608999999999,5.4,-0.2,21.0,3.0
318,Beagle Springs,44.471470000000004,-112.98191000000001,4.6,0.0,26.0,0.0
319,Bear Basin,44.952220000000004,-116.14293,12.2,-0.2,45.0,0.0
320,Bear Canyon,43.74367,-113.93796999999999,7.6,-0.1,39.0,-1.0
321,Bear Creek,41.83384,-115.45278,8.8,-0.1,35.0,-1.0
1291,Bear Flat Meadow AM,42.41655,-120.47043000000001,,,15.0,-1.0
1166,Bear Grass,44.3253,-122.0938,28.8,-0.3,78.0,
322,Bear Lake,40.31176,-105.6467,8.4,0.1,35.0,-3.0
323,Bear Mountain,48.30577,-116.07448000000001,33.5,0.0,95.0,-4.0
1061,Bear River,40.06153,-107.00955,6.1,0.0,26.0,-1.0
992,Bear River RS,40.8852,-110.8277,4.2,0.0,18.0,0.0
324,Bear Saddle,44.60533,-116.98097,17.3,-0.1,60.0,-1.0
325,Bear Trap Meadow,43.88743,-107.06135,4.0,-0.1,24.0,-2.0
326,Beartooth Lake,44.94307,-109.56743,16.1,0.2,68.0,-1.0
327,Beartown,37.71409,-107.51212,13.0,0.1,46.0,-2.0
1041,Beaver Ck Village,39.59917,-106.51142,5.1,0.0,24.0,-1.0
328,Beaver Creek,44.949659999999994,-111.35852,9.1,0.0,40.0,-2.0
329,Beaver Dams,39.136829999999996,-111.55813,4.6,0.0,16.0,-1.0
330,Beaver Divide,40.61233,-111.09782,3.8,-0.2,22.0,-1.0
902,Beaver Head,33.69144,-109.21656999999999,0.2,0.0,,
990,Beaver Pass,48.8793,-121.2555,36.6,0.1,105.0,-5.0
331,Beaver Reservoir,45.14532,-118.219,6.9,0.0,24.0,0.0
1143,Beaver Spring,36.32678,-109.05711000000001,3.9,0.0,13.0,-1.0
332,Ben Lomond Peak,41.37603,-111.94405,17.4,0.0,62.0,0.0
333,Ben Lomond Trail,41.382909999999995,-111.92103,9.7,0.0,38.0,0.0
334,Berry Creek,39.31917,-114.62278,6.1,0.0,24.0,-1.0
335,Berthoud Summit,39.80392,-105.77788999999999,10.3,-0.2,42.0,-1.0
1182,Bettles Field,66.91667,-151.53333,3.6,-0.1,19.0,0.0
1214,Bevans Cabin,40.46182,-112.25233,2.7,0.0,6.0,-1.0
336,Big Bend,41.76168,-115.6931,4.3,0.0,18.0,0.0
337,Big Creek Sum,39.29148,-117.11506000000001,8.4,0.0,32.0,-1.0
338,Big Creek Summit,44.62621,-115.79561000000001,19.4,-0.2,66.0,-1.0
339,Big Flat,38.301829999999995,-112.35672,5.2,0.1,25.0,-1.0
931,Big Goose,44.579240000000006,-107.20068,5.0,0.0,23.0,-1.0
340,Big Meadow,39.455,-119.9422,10.5,0.0,41.0,-1.0
341,Big Red Mountain,42.05257,-122.85486999999999,14.2,0.0,50.0,-1.0
342,Big Sandy Opening,42.6458,-109.25965,6.2,-0.1,34.0,-2.0
1229,Big Sheep AM,45.168420000000005,-117.08631000000001,,,45.0,-2.0
343,Bigelow Camp,42.07875,-123.34393,9.1,0.0,28.0,-1.0
344,Billie Creek Divide,42.40717,-122.26616999999999,15.7,0.0,48.0,0.0
1155,Bird Creek,39.46138,-114.64863000000001,2.0,0.0,4.0,-1.0
345,Bison Lake,39.76487,-107.35681000000001,13.0,0.0,47.0,-1.0
346,Bisson Creek,47.683890000000005,-113.99901000000001,6.0,-0.3,,
347,Black Bear,44.50832,-111.12803000000001,21.0,0.0,80.0,-3.0
348,Black Flat-U.M. Ck,38.6799,-111.59765,5.6,0.0,23.0,0.0
1185,Black Mesa,37.78972,-108.18365,9.7,0.1,39.0,-1.0
1161,Black Mountain,40.888,-105.66396999999999,5.3,-0.1,25.0,-1.0
349,Black Pine,46.414,-113.43095,8.3,0.3,45.0,-2.0
1119,Blackhall Mtn,41.05616,-106.71383999999999,16.7,0.0,64.0,-3.0
1162,Blacks Fork Jct,40.95814,-110.5828,3.5,-0.2,15.0,0.0
1144,Blacktail Mtn,47.98288,-114.3543,7.3,0.0,29.0,1.0
350,Blackwater,44.376670000000004,-109.79333000000001,14.4,0.2,59.0,0.0
351,Blazed Alder,45.4287,-121.85605,16.1,0.3,44.0,3.0
352,Blewett Pass,47.35037,-120.6796,10.7,0.0,,
353,Blind Bull Sum,42.964,-110.60973,13.7,-0.1,57.0,-3.0
354,Blind Park,44.10772,-103.97688000000001,3.7,0.0,16.0,0.0
355,Bloody Dick,45.16507,-113.50098999999999,6.9,0.0,36.0,-2.0
356,Blue Lakes,38.608,-119.92437,14.5,0.0,52.0,-1.0
357,Blue Mountain Spring,44.24767,-118.51722,10.2,0.0,35.0,-1.0
1278,Bobs Hollow,38.94569,-112.15348999999999,5.5,0.1,21.0,-1.0
978,Bogus Basin,43.76377,-116.09685,17.9,-0.1,57.0,-1.0
358,Bone Springs Div,44.67888,-107.5811,10.9,0.2,51.0,-2.0
359,Bostetter R.S.,42.16442,-114.19272,8.6,-0.1,31.0,-1.0
360,Boulder Mountain,46.5596,-111.28973,14.4,0.1,58.0,-3.0
361,Bourne,44.83052,-118.18786999999999,9.1,-0.1,33.0,-1.0
362,Bowman Springs,45.36428,-118.46715,7.9,0.0,22.0,0.0
363,Box Canyon,45.2719,-110.24903,5.8,0.0,32.0,0.0
364,Box Creek,38.50809,-112.01856000000001,1.8,0.0,8.0,0.0
1156,Box Springs,38.49746,-112.00778999999999,2.9,0.0,12.0,-1.0
365,Brackett Creek,45.89107,-110.93851000000001,13.3,0.4,62.0,1.0
1154,Brian Head,37.67994,-112.85673999999999,6.4,0.0,28.0,0.0
366,Brighton,40.59936,-111.58166999999999,8.8,0.0,33.0,-1.0
1111,Bristlecone Trail,36.31575,-115.69543,2.8,0.1,10.0,-2.0
367,Brooklyn Lake,41.35885,-106.23208999999999,14.1,0.0,,
368,Brown Duck,40.58102,-110.58587,8.1,0.0,36.0,-1.0
1080,Brown Top,48.92755,-121.19713,46.8,0.0,,
369,Brumley,39.08766,-106.5417,6.5,0.1,37.0,-2.0
370,Brundage Reservoir,45.04315,-116.13253,19.2,0.1,65.0,
371,Buck Flat,39.134,-111.43722,6.6,0.0,26.0,-1.0
1192,Buck Pasture,40.844559999999994,-110.66068,7.3,0.0,36.0,-1.0
1153,Buckboard Flat,37.86943,-109.44717,7.2,0.0,26.0,-1.0
1107,Buckinghorse,47.7086,-123.45747,46.9,-0.1,130.0,-1.0
938,Buckskin Joe,39.3035,-106.11307,4.7,0.0,22.0,0.0
1292,Buckskin Lake AM,43.02503,-118.94785,,,,
373,Buckskin Lower,41.75067,-117.53182,6.8,0.1,32.0,-1.0
913,Buffalo Park,40.228609999999996,-106.59528,7.9,0.0,38.0,-2.0
374,Bug Lake,41.68541,-111.41986999999999,9.4,0.0,38.0,-2.0
1293,Bull Basin AM,42.35673,-116.95906000000001,,,2.0,0.0
375,Bumping Ridge,46.81003,-121.33058,20.6,0.0,68.0,-1.0
376,Bunchgrass Mdw,48.68688,-117.17633000000001,19.1,-0.1,70.0,-1.0
377,Burgess Junction,44.78765,-107.52917,6.9,0.0,30.0,-1.0
1051,Burnside Lake,38.719429999999996,-119.8942,13.1,-0.2,48.0,-1.0
942,Burnt Mountain,47.0444,-121.94032,9.3,0.0,23.0,0.0
981,Burnt Mtn,45.2401,-109.45961000000001,2.4,0.1,14.0,1.0
378,Burro Mountain,39.87505,-107.59853000000001,7.2,0.1,33.0,-1.0
379,Burroughs Creek,43.69733,-109.67021000000001,6.8,0.0,34.0,-4.0
1135,Burts Miller Ranch,40.98492,-110.85075,2.6,-0.2,9.0,-1.0
380,Butte,38.89433,-106.953,7.6,0.0,34.0,-1.0
1109,Calamity,45.903620000000004,-122.21633,0.0,0.0,0.0,0.0
1289,Call Meadows AM,43.81191,-118.78565,,,12.0,0.0
381,Calvert Creek,45.8838,-113.32553,5.5,0.0,30.0,-3.0
382,Camas Creek Divide,43.26548,-115.3453,9.6,-0.1,37.0,-1.0
383,Camp Jackson,37.81333,-109.48723000000001,5.4,-0.1,20.0,0.0
384,Canyon,44.719609999999996,-110.51083999999999,8.7,0.1,39.0,-1.0
385,Carrot Basin,44.96192,-111.29403,15.6,0.0,72.0,-3.0
1067,Carson Pass,38.6927,-120.0022,15.6,0.0,60.0,-2.0
386,Cascade,37.65083,-107.80601999999999,5.8,0.1,21.0,0.0
387,Cascade #2,37.658,-107.80268000000001,,,,
1039,Cascade Mountain,40.283,-111.60991999999999,8.1,0.0,32.0,-2.0
388,Cascade Summit,43.59042,-122.0601,17.6,0.0,61.0,-1.0
389,Casper Mtn.,42.73389,-106.31861,5.4,0.0,23.0,-1.0
1130,Castle Creek,43.6748,-109.3774,3.6,0.0,21.0,-2.0
390,Castle Valley,37.66098,-112.74093,4.0,-0.1,18.0,0.0
1152,Cave Mountain,39.16337,-114.6133,4.4,-0.2,17.0,-1.0
1085,Cayuse Pass,46.86954,-121.5343,46.1,0.2,63.0,
391,Cedar Pass,41.58233,-120.3025,9.8,0.0,30.0,0.0
1139,Chalender,35.26247,-112.06231000000001,2.3,0.0,5.0,-3.0
392,Chalk Creek #1,40.85464,-111.04765,,,,
393,Chalk Creek #2,40.885290000000005,-111.06953999999999,,,,
394,Chamita,36.95636,-106.65682,5.6,0.0,21.0,-1.0
1101,Chapman Tunnel,39.262170000000005,-106.62931,7.6,0.0,36.0,-2.0
395,Chemult Alternate,43.22625,-121.80662,7.4,0.1,25.0,0.0
1260,Chena Lakes,64.75793,-147.21823,2.8,-0.1,14.0,0.0
396,Chepeta,40.77458,-110.0105,6.0,0.0,32.0,0.0
1093,Chisana,62.069,-142.049,1.5,-0.7,93.0,80.0
895,Chocolate Gulch,43.7685,-114.41812,8.6,0.0,39.0,-1.0
1046,Cinnabar Park,41.23837,-106.23095,11.1,0.0,48.0,-2.0
398,Clackamas Lake,45.096579999999996,-121.75443,4.8,-0.1,15.0,0.0
983,Clayton Springs,37.9725,-111.83355,5.2,0.0,26.0,-1.0
399,Clear Creek #1,39.86671,-111.28363,,,,
400,Clear Creek #2,39.89275,-111.25153999999999,,,,
401,Clear Lake,45.188320000000004,-121.6916,3.2,0.0,11.0,
402,Cloud Peak Reservoir,44.40343,-107.06057,8.5,0.0,39.0,-1.0
403,Clover Meadow,45.01788,-111.8456,8.8,0.0,42.0,-2.0
1059,Cochetopa Pass,38.16283,-106.59883,3.9,0.0,19.0,0.0
405,Cold Springs,43.276759999999996,-109.44585,3.5,0.1,15.0,0.0
406,Cold Springs Camp,42.53305,-122.17683000000001,13.3,-0.1,33.0,-1.0
958,Coldfoot,67.25333,-150.183,2.2,-0.1,15.0,0.0
982,Cole Canyon,44.48632,-104.41056999999999,2.3,0.1,15.0,0.0
407,Cole Creek,45.19405,-109.34548000000001,8.1,0.0,36.0,1.0
1204,Columbia Basin,41.67167,-116.07033,,,18.0,0.0
408,Columbine,40.3948,-106.60408000000001,13.0,-0.1,53.0,-3.0
409,Columbine Pass,38.41795,-108.38248999999999,7.8,0.0,31.0,-1.0
904,Columbus Basin,37.44147,-108.02445,9.4,0.1,38.0,-1.0
410,Combination,46.46523,-113.39358,4.2,0.0,,
411,Cool Creek,46.76361,-115.29528,29.0,0.4,,
959,Cooper Lake,60.390269999999994,-149.6936,14.5,-0.1,55.0,-1.0
412,Copeland Lake,40.20778,-105.56861,3.1,0.0,10.0,-2.0
413,Copper Bottom,47.056779999999996,-112.595,5.0,0.0,21.0,-1.0
414,Copper Camp,47.081579999999995,-112.72955,19.3,0.0,59.0,-1.0
415,Copper Mountain,39.489540000000005,-106.17095,8.0,0.0,,
1209,Corduroy Flat,38.99651,-115.42478,,,2.0,0.0
416,Coronado Trail,33.80392,-109.15281999999999,0.0,0.0,,
1236,Corral,39.65795,-110.37906000000001,3.2,0.0,14.0,0.0
417,Corral Canyon,40.27551,-115.54016999999999,7.0,0.0,14.0,-11.0
418,Corral Pass,47.01872,-121.46463999999999,24.6,-0.1,71.0,-1.0
419,Cottonwood Creek,42.6459,-110.81482,13.7,-0.1,58.0,-2.0
420,Cougar Mountain,47.27666,-121.67138,6.2,0.2,17.0,-1.0
422,County Line,45.19107,-118.55015,2.0,-0.1,3.0,0.0
1273,Cox Flat AM,42.36192,-120.60911999999999,,,3.0,0.0
423,Cozy Cove,44.28846,-115.65508,11.2,-0.1,43.0,-1.0
424,Crab Creek,44.437,-111.99383999999999,7.5,-0.1,32.0,-1.0
425,Crater Meadows,46.56394,-115.28903000000001,30.8,1.0,,
1010,Crazyman Flat,42.6381,-120.94917,8.3,-0.1,24.0,0.0
426,Crosho,40.16745,-107.0575,6.2,-0.1,26.0,-1.0
1045,Crow Creek,41.2287,-105.38278000000001,1.0,0.0,7.0,-1.0
977,Crowder Flat,41.89318,-120.75202,1.2,-0.1,1.0,-1.0
427,Crystal Lake,46.78942,-109.51205,9.0,0.1,36.0,0.0
428,Css Lab,39.32565,-120.36806999999999,21.3,-0.2,67.0,-1.0
430,Culebra #2,37.20945,-105.19958999999999,,,,
431,Cumbres Trestle,37.01878,-106.45178999999999,16.2,0.0,56.0,-1.0
432,Currant Creek,40.35747,-111.08993000000001,5.4,0.0,23.0,-1.0
919,Daisy Peak,46.66858,-110.33022,6.5,0.1,31.0,-1.0
433,Daly Creek,46.18367,-113.8533,7.0,0.1,34.0,-1.0
434,Daly Lake,44.52147,-122.08718,2.2,0.0,5.0,0.0
435,Daniels-Strawberry,40.2953,-111.25676999999999,6.5,0.0,28.0,0.0
436,Darkhorse Lake,45.17367,-113.58448,18.3,0.0,73.0,-3.0
437,Deadman Creek,46.792790000000004,-110.67545,7.3,0.0,34.0,-2.0
438,Deadman Hill,40.80571,-105.76993,10.1,-0.1,45.0,
439,Deadwood Summit,44.54514,-115.5638,23.6,0.0,82.0,-1.0
923,Deer Park,42.590759999999996,-108.90273,6.5,-0.1,26.0,-2.0
1210,Defiance Mines,39.08527,-114.89976999999999,,,22.0,-1.0
440,Derr.,44.4465,-119.93012,9.8,-0.1,35.0,0.0
442,Diamond Lake,43.187870000000004,-122.14003000000001,10.5,-0.1,23.0,1.0
443,Diamond Peak,39.56361,-115.84421,3.2,-1.0,11.0,0.0
444,Dills Camp,39.04554,-111.46875,4.9,0.0,20.0,-1.0
445,Disaster Peak,41.96737,-118.18933999999999,3.4,-0.1,13.0,0.0
446,Dismal Swamp,41.99127,-120.18033,16.0,0.1,48.0,0.0
448,Divide,44.79317,-112.05645,4.2,0.0,22.0,0.0
449,Divide Peak,41.303979999999996,-107.15241,9.5,-0.1,39.0,-2.0
450,Dollarhide Summit,43.6025,-114.67416999999999,15.7,0.3,63.0,-2.0
451,Dome Lake,44.57462,-107.29536999999999,7.2,0.0,37.0,1.0
452,Donkey Reservoir,38.2084,-111.47412,3.4,0.0,17.0,1.0
453,Dorsey Basin,40.89343,-115.21104,6.7,-0.1,27.0,0.0
454,Draw Creek,41.661,-115.3234,6.0,0.0,24.0,0.0
455,Dry Bread Pond,41.412890000000004,-111.5377,8.2,-0.1,36.0,-1.0
1243,Dry Creek,40.8638,-115.22013999999999,3.4,-0.2,10.0,-1.0
906,Dry Fork,40.565329999999996,-112.17343000000001,5.2,0.0,22.0,-1.0
457,Dry Lake,40.533970000000004,-106.7813,11.1,-0.1,43.0,-2.0
943,Dungeness,47.872240000000005,-123.0788,8.3,0.0,22.0,0.0
458,Dupuyer Creek,48.06341,-112.7573,3.0,0.1,,
960,Eagle Summit,65.48588000000001,-145.41212,,,7.0,0.0
1105,East Boulder Mine,45.503809999999994,-110.08018999999999,3.1,-0.1,16.0,0.0
953,East Palmer,61.598580000000005,-149.09637,0.8,-0.1,4.0,0.0
460,East Rim Divide,43.13097,-110.2023,6.3,-0.2,35.0,-1.0
461,East Willow Creek,39.312129999999996,-109.53178999999999,3.1,0.0,18.0,0.0
998,Easy Pass,48.85933,-121.43895,75.1,0.0,,
462,Ebbetts Pass,38.5497,-119.80468,18.4,0.1,62.0,-1.0
936,Echo Lake,39.65627,-105.59345,2.7,0.0,13.0,-2.0
463,Echo Peak,38.849,-120.0795,21.5,0.2,57.0,-1.0
1163,EF Blacks Fork GS,40.88472,-110.54056000000001,7.5,2.5,29.0,-1.0
464,Eilertson Meadows,44.86887,-118.11386999999999,9.0,0.2,28.0,0.0
465,El Diente Peak,37.78617,-108.02155,7.7,0.0,32.0,-1.0
910,Elbow Lake,48.69092,-121.90893,34.2,0.0,86.0,
466,Elk Butte,46.83998,-116.12233,24.2,0.1,,
921,Elk Cabin,35.7043,-105.80675,0.6,-0.1,1.0,-1.0
1106,Elk Peak,46.4845,-110.7125,9.0,0.1,,
536,Elk Peak SC,46.476420000000005,-110.72065,,,,
467,Elk River,40.847809999999996,-106.96871000000002,10.2,0.0,42.0,-1.0
468,Elkhart Park G.S.,43.00657,-109.75893,6.3,-0.1,33.0,-1.0
1252,Elkhead Divide,40.796490000000006,-107.10122,9.1,0.0,39.0,-1.0
1120,Elliot Ridge,39.864,-106.4246,11.2,0.0,37.0,-1.0
469,Emery Creek,48.43412,-113.93725,10.2,-0.1,44.0,-2.0
470,Emigrant Springs,45.55808,-118.45383000000001,0.9,0.1,4.0,1.0
471,Emigrant Summit,42.36055,-111.56085,9.7,-0.2,39.0,-1.0
1071,Esther Island,60.798,-148.0857,,,17.0,-1.0
472,Evening Star,44.65258,-109.78421999999999,20.2,0.1,77.0,-3.0
1092,Exit Glacier,60.19033,-149.62117,16.5,-2.8,58.0,0.0
473,Fallen Leaf,38.93403,-120.0545,6.6,0.1,19.0,-2.0
474,Farmington,40.97462,-111.80975,12.7,0.0,49.0,-1.0
1054,Farmington Lower,40.992,-111.81702,7.3,0.0,35.0,-1.0
475,Farnsworth Lake,38.772459999999995,-111.67662,7.6,0.0,35.0,-1.0
476,Fawn Creek,41.82098,-116.10153000000001,7.3,0.0,30.0,-1.0
1268,Fielding Lake,63.20267,-145.6305,4.9,-0.1,24.0,-1.0
1274,Finley Corrals AM,42.45988,-120.78508000000001,,,30.0,0.0
477,Fish Creek,42.709920000000004,-118.6321,17.9,0.0,51.0,-1.0
478,Fish Lake,47.53565,-121.08553,25.2,0.1,74.0,
1149,Fish Lake Utah,38.50455,-111.76693,2.7,0.0,10.0,-1.0
479,Fish Lk.,42.3801,-122.34943,7.1,0.2,24.0,-1.0
480,Fisher Creek,45.06235,-109.94488,23.9,0.2,84.0,-2.0
481,Five Points Lake,40.71785,-110.46721000000001,7.7,-0.1,35.0,-1.0
482,Flattop Mtn.,48.80225,-113.85713,33.6,0.0,102.0,-6.0
1285,Flower Mountain,59.39617,-136.28123,31.2,0.0,90.0,0.0
1186,Fool Creek,39.8687,-105.8675,10.6,0.1,42.0,-1.0
1049,Forestdale Creek,38.68245,-119.9597,17.5,0.0,60.0,-1.0
1121,Fort Valley,35.26806,-111.74486,1.6,-0.2,4.0,-1.0
961,Fort Yukon,66.5705,-145.24553,,,11.0,0.0
483,Fourmile Lake,42.43933,-122.2288,13.0,0.0,42.0,-1.0
484,Franklin Basin,42.0505,-111.6012,11.3,-0.1,43.0,-1.0
1277,Fredonyer Peak,40.68799,-120.60805,6.2,-0.1,23.0,-1.0
485,Fremont Pass,39.379909999999995,-106.19681000000001,8.5,0.0,40.0,-2.0
486,Frisco Divide,33.73646,-108.94502,0.7,0.0,2.0,0.0
487,Frohner Meadow,46.43545,-112.19277,5.7,-0.1,,
641,Frostbite Bottom,61.74722,-149.2688,8.0,-0.3,34.0,-1.0
488,Fry,35.07297,-111.84374,4.9,-0.1,15.0,0.0
1262,Fry Canyon,41.57022,-115.93645,0.5,0.0,1.0,0.0
489,Galena,43.87722,-114.6725,9.0,0.0,40.0,0.0
429,Galena AK,64.69662,-156.71497,3.9,0.0,19.0,-1.0
490,Galena Summit,43.874970000000005,-114.71363000000001,11.1,0.0,49.0,-1.0
491,Gallegos Peak,36.19446,-105.55795,5.5,-0.1,22.0,0.0
1114,Garden City Summit,41.9215,-111.4693,8.8,-0.2,34.0,-1.0
1066,Gardner Peak,37.40083,-113.45988,4.5,0.0,18.0,0.0
492,Garfield R.S.,43.6104,-113.9308,6.0,-0.2,29.0,-1.0
1173,Garita Peak,36.005,-106.54838000000001,3.8,0.0,12.0,0.0
918,Garver Creek,48.975229999999996,-115.81915,7.5,-0.1,27.0,-2.0
1221,GBRC HQ,39.320190000000004,-111.48827,5.9,0.0,23.0,-1.0
1222,GBRC Meadows,39.30229,-111.45383000000001,8.0,0.0,30.0,-2.0
1151,George Creek,41.915620000000004,-113.41153999999999,7.4,0.0,32.0,0.0
945,Gerber Reservoir,42.2062,-121.1334,0.4,0.0,,
493,Giveout,42.4132,-111.1663,5.2,0.0,23.0,-1.0
1057,Glen Cove,38.87583,-105.07366999999999,0.5,0.1,6.0,-1.0
962,Gobblers Knob,66.745,-150.6675,,,3.0,0.0
1195,Golconda,40.88358,-117.58811999999999,4.0,-0.2,11.0,0.0
1159,Gold Axe Camp,48.9516,-118.9864,11.7,-0.1,44.0,-2.0
494,Gold Center,44.7638,-118.3117,9.0,-0.1,31.0,0.0
1256,Gold Mountain,48.18934,-118.4559,11.5,0.0,36.0,0.0
495,Gooseberry RS,38.800340000000006,-111.68333,3.1,0.0,16.0,0.0
1184,Gooseberry RS Up,38.7882,-111.68892,4.7,0.0,22.0,0.0
1250,Government Corrals,42.043079999999996,-118.3195,,,31.0,0.0
496,Graham Guard Sta.,43.9538,-115.27387,9.2,-0.1,34.0,0.0
1082,Grand Targhee,43.77933,-110.92783,25.6,-0.1,93.0,-1.0
956,Grandview,60.60831999999999,-149.06313,26.0,-1.4,182.0,
497,Granite Creek,43.34298,-110.43495,10.5,-0.1,48.0,-2.0
963,Granite Crk,63.943819999999995,-145.39993,2.3,-0.1,15.0,1.0
498,Granite Peak,41.670320000000004,-117.56668,12.8,-0.1,46.0,0.0
499,Grassy Lake,44.12612,-110.83435,19.8,-0.1,77.0,-4.0
500,Grave Creek,48.91453,-114.76663,9.8,-0.1,38.0,1.0
501,Grave Springs,43.466429999999995,-107.23977,3.5,-0.1,18.0,-2.0
1058,Grayback,37.47033,-106.53783,5.9,0.0,20.0,-1.0
502,Green Lake,46.54741,-121.17093,16.8,0.0,63.0,6.0
503,Green Mountain,40.3848,-115.52757,6.6,0.0,23.0,-1.0
504,Greenpoint,45.622370000000004,-121.70415,6.6,0.1,18.0,0.0
505,Grizzly Peak,39.64631,-105.86973,8.5,0.0,40.0,-2.0
506,Gros Ventre Summit,43.38939,-110.12943,6.0,-0.1,33.0,-1.0
507,Grouse Camp,47.28107,-120.48771,15.1,0.0,44.0,0.0
964,Grouse Creek Divide,60.25965,-149.34228000000002,22.2,-1.2,59.0,0.0
944,Gunsight Pass,43.38332,-109.87815,8.1,-0.1,43.0,-1.0
1065,Gutz Peak,37.49617,-113.94235,4.3,-0.1,17.0,-1.0
508,Hagans Meadow,38.8519,-119.9374,12.5,0.4,32.0,-1.0
509,Hams Fork,42.146,-110.67833,7.4,-0.1,34.0,-2.0
510,Hand Creek,48.30754,-114.84075,6.9,0.0,32.0,0.0
511,Hannagan Meadows,33.65387,-109.30951999999999,2.8,0.0,,
512,Hansen Sawmill,44.25602,-106.97983,4.0,0.0,19.0,-1.0
969,Happy Jack,34.745979999999996,-111.41207,3.9,0.1,16.0,-1.0
896,Hardscrabble,40.86833,-111.71865,8.5,0.0,31.0,0.0
514,Harris Flat,37.48997,-112.57602,2.6,0.0,8.0,0.0
1218,Hart Mountain AM,42.47972,-119.71916999999999,,,6.0,0.0
515,Harts Pass,48.72047,-120.6586,39.8,-0.1,,
516,Hawkins Lake,48.9723,-115.95336999999999,16.6,-0.1,59.0,0.0
1271,Hawley Lake,33.97142,-109.76528,5.0,0.0,17.0,0.0
517,Hayden Fork,40.796690000000005,-110.88472,6.9,0.0,,
1102,Hayden Pass,38.29326,-105.8505,7.2,0.0,29.0,0.0
518,Heavenly Valley,38.92431,-119.91641000000001,11.8,0.1,40.0,-1.0
519,Heber,34.312020000000004,-110.75431,,,,
1270,Heen Latinee,58.69651999999999,-134.86448000000001,15.4,0.0,47.0,-1.0
520,Hemlock Butte,46.48111,-115.63361,28.7,0.5,,
1193,Henrys Fork,40.86313,-110.38145,,,29.0,-1.0
521,Hewinta,40.95009,-110.48418999999998,4.8,0.0,25.0,-1.0
522,Hickerson Park,40.90663,-109.96287,3.9,0.0,23.0,-1.0
988,Hidden Lake,48.8937,-116.75748,24.4,-0.1,78.0,-2.0
1187,High Lonesome,40.035920000000004,-105.75471,9.7,-0.1,43.0,-3.0
523,High Ridge,45.69682,-118.10656999999999,17.5,0.2,48.0,1.0
524,Hilts Creek,44.01897,-113.4723,6.5,-0.1,31.0,0.0
1223,Hobble Creek,40.18538,-111.35971,5.5,0.0,24.0,-1.0
525,Hobbs Park,42.86984,-109.09455,,,,
526,Hogg Pass,44.42042,-121.85655,14.2,0.1,43.0,0.0
527,Hole-in-Mountain,40.94168,-115.0954,3.7,-1.2,21.0,0.0
528,Hole-in-Rock,40.92167,-110.18623000000001,3.3,0.0,22.0,0.0
529,Holland Meadows,43.66917,-122.56877,9.4,0.0,24.0,0.0
530,Hoodoo Basin,46.9751,-115.0349,24.2,0.2,88.0,0.0
531,Hoosier Pass,39.361270000000005,-106.05978,8.1,-0.1,36.0,-1.0
532,Hopewell,36.71631,-106.26348,10.2,-0.1,38.0,-1.0
1050,Horse Meadow,38.83652,-119.88731999999999,10.8,-0.1,41.0,-1.0
533,Horse Ridge,41.31372,-111.44623999999999,7.7,-0.1,35.0,-2.0
1264,Horsepasture Pass,62.1345,-147.625,,,23.0,0.0
1122,Hourglass Lake,40.57913,-105.63068,5.9,0.0,26.0,-1.0
1158,Howard Prairie,42.215,-122.3713,4.2,-0.2,14.0,0.0
534,Howell Canyon,42.32029,-113.61587,12.5,0.0,,
991,Hozomeen Camp,48.98075,-121.07976000000001,,,0.0,
928,Huckleberry Creek,47.06565,-121.58778000000001,0.5,0.0,0.0,0.0
535,Humboldt Gulch,47.53178,-115.77643,14.0,-0.1,,
1216,Huntington Horse,39.617740000000005,-111.30576,9.4,0.0,32.0,-1.0
537,Hyndman,43.710770000000004,-114.15893999999999,7.5,0.0,34.0,-1.0
538,Idarado,37.9339,-107.67551999999999,7.9,0.0,34.0,-1.0
968,Imnaviat Creek,68.61683000000001,-149.30017,,,19.0,1.0
539,Independence Camp,39.452690000000004,-120.29366999999999,11.1,0.2,43.0,0.0
540,Independence Creek,39.49001,-120.28226000000001,6.9,0.1,28.0,-1.0
541,Independence Lake,39.42752,-120.31342,18.7,0.0,64.0,-1.0
1091,Independence Mine,61.791169999999994,-149.27966999999998,8.0,0.0,35.0,-1.0
542,Independence Pass,39.075390000000006,-106.61169,8.8,0.1,40.0,-2.0
543,Indian Canyon,39.891659999999995,-110.74604,5.1,0.0,23.0,0.0
544,Indian Creek,42.30023,-110.67753,12.2,-0.1,53.0,-2.0
946,Indian Pass,61.06766999999999,-149.4795,20.8,-0.1,63.0,-1.0
1129,Indian Rock,45.99077,-120.80767,10.4,0.0,25.0,0.0
545,Irish Taylor,43.80368,-121.94793,,,,
546,Island Park,44.4203,-111.38512,10.0,0.0,,
547,Ivanhoe,39.29202,-106.54923000000001,9.0,0.1,39.0,-2.0
548,Jack Creek Upper,41.54675,-116.00516999999999,6.4,0.0,29.0,0.0
1275,Jack Wade Jct,64.1529,-141.32693,3.3,0.0,90.0,
549,Jacks Peak,41.5136,-116.0117,,,30.0,-1.0
550,Jackson Peak,44.05092,-115.44322,17.3,0.0,61.0,0.0
935,Jackwhacker Gulch,39.56667,-105.8,6.5,0.0,29.0,-2.0
456,Jahnke Lake Trail,45.21665,-113.50143,,,31.0,-1.0
1211,Jakes Creek,41.5687,-115.03243,,,11.0,-1.0
1287,JL Meadow,44.77665,-113.12217,6.4,-0.1,32.0,-1.0
551,Joe Wright,40.53215,-105.887,10.9,-0.3,41.0,-4.0
1036,Johnsons Camp,64.5646,-164.29256999999998,,,12.0,-1.0
1099,Jones Corral,38.07125,-112.16788000000001,3.8,0.1,16.0,0.0
970,Jones Pass,39.7645,-105.90623000000001,8.2,-0.2,36.0,-2.0
552,Jump Off Joe,44.38605,-122.16683,2.6,0.0,8.0,0.0
553,June Lake,46.14778,-122.15413000000001,26.1,0.0,70.0,-2.0
1150,Kalamazoo,39.5579,-114.62762,3.4,0.1,12.0,-1.0
1072,Kantishna,63.541669999999996,-150.994,5.2,-0.1,27.0,0.0
554,Kelley R.S.,42.26554,-110.80176999999999,8.7,-0.1,40.0,-1.0
1175,Kelly Station,67.93333,-162.28333,4.3,-0.2,20.0,0.0
966,Kenai Moose Pens,60.727,-150.47517,3.3,-0.1,18.0,0.0
555,Kendall R.S.,43.2493,-110.01661999999999,7.8,-0.1,41.0,-1.0
1145,Kilfoil Creek,41.247640000000004,-111.41248999999999,6.4,-0.1,30.0,-1.0
556,Kiln,39.317240000000005,-106.61453,6.4,0.1,30.0,-1.0
557,Kimberly Mine,38.48383,-112.39273,6.2,0.0,23.0,0.0
558,King Mountain,42.72395,-123.20036999999999,5.9,0.0,20.0,0.0
559,Kings Cabin,40.71632,-109.54401000000001,2.6,0.0,19.0,0.0
560,Kirwin,43.86067,-109.32163,6.4,0.0,33.0,-1.0
1115,Klondike Narrows,41.967690000000005,-111.59713,9.7,-0.1,38.0,-1.0
561,Kolob,37.52664,-113.05386000000001,8.4,-0.1,33.0,0.0
562,Kraft Creek,47.42749,-113.77515,8.7,0.2,,
563,Lake Creek R.S.,44.21007,-118.63752,7.8,-0.2,28.0,0.0
564,Lake Eldora,39.93678,-105.58956,6.4,0.0,29.0,-3.0
565,Lake Irene,40.414320000000004,-105.8198,11.7,0.0,55.0,-2.0
566,Lakefork #1,40.59709,-110.43316000000002,,,,
1116,Lakefork #3,40.5502,-110.3529,,,,
513,Lakefork Basin,40.73785,-110.62121,9.3,0.0,39.0,-1.0
568,Lakeview Ridge,44.58907,-111.82498000000001,5.1,0.0,22.0,1.0
569,Lamance Creek,41.51542,-117.63197,4.8,-0.3,16.0,-1.0
570,Lamoille #3,40.6448,-115.3812,,,,
571,Laprele Creek,42.435829999999996,-105.86083,4.8,0.0,27.0,-1.0
1134,Larsen Creek,42.5801,-109.0883,3.8,-0.2,21.0,-2.0
572,Lasal Mountain,38.48226,-109.27198,4.7,0.0,21.0,0.0
1215,Lasal Mountain-Lower,38.48167,-109.29163999999999,3.6,0.1,15.0,-1.0
573,Laurel Draw,41.77637,-116.02956999999999,5.9,0.0,22.0,-1.0
574,Leavitt Lake,38.275940000000006,-119.61281000000001,23.5,0.0,84.0,2.0
575,Leavitt Meadows,38.303670000000004,-119.55111000000001,7.0,-0.1,26.0,-2.0
1112,Lee Canyon,36.30537,-115.67508000000001,2.9,0.1,12.0,0.0
576,Lemhi Ridge,44.9938,-113.44398999999999,6.6,0.0,36.0,-2.0
577,Lewis Lake Divide,44.20862,-110.66628,19.0,0.0,72.0,-1.0
1006,Lewis Peak,40.3572,-116.8647,7.2,0.0,27.0,0.0
578,Lick Creek,45.5041,-110.96625,6.9,0.2,34.0,-1.0
1056,Lightning Ridge,41.358909999999995,-111.48749,7.8,-0.3,28.0,-1.0
579,Lily Lake,40.86493,-110.79813,5.5,-0.4,25.0,-1.0
580,Lily Pond,37.379290000000005,-106.54835,10.6,-0.1,40.0,0.0
582,Little Bear,41.40562,-111.82607,5.2,-0.3,19.0,0.0
947,Little Chena Ridge,65.12422,-146.7339,2.8,-0.6,10.0,-2.0
1131,Little Goose,44.54315,-107.17865,6.6,0.1,29.0,-1.0
583,Little Grassy,37.486309999999996,-113.84581999999999,2.2,-0.2,4.0,-1.0
584,Little Meadows,44.612970000000004,-122.22565,19.2,0.0,43.0,1.0
1047,Little Snake River,41.07053,-106.94283,14.3,-0.1,60.0,-3.0
1242,Little Valley,39.252590000000005,-119.8771,5.0,-0.2,16.0,0.0
585,Little Warm,43.50278,-109.752,6.2,0.0,34.0,-1.0
586,Lizard Head Pass,37.79926,-107.92426,7.4,0.1,31.0,-2.0
587,Lobdell Lake,38.43745,-119.36572,7.2,0.2,34.0,-1.0
588,Lolo Pass,46.634479999999996,-114.58072,17.8,0.2,,
589,Lone Cone,37.89183,-108.19543999999999,7.7,0.0,18.0,0.0
590,Lone Mountain,45.27412,-111.42692,11.1,0.1,49.0,-3.0
591,Lone Pine,46.27143,-121.96288,27.1,0.1,74.0,-2.0
1261,Lonesome Beaver,38.07,-110.77241000000001,1.0,0.0,3.0,0.0
1123,Long Draw Resv,40.5123,-105.7656,9.9,0.0,44.0,-3.0
592,Long Flat,37.51255,-113.39661000000001,2.6,-0.1,10.0,-1.0
1001,Long Lake,58.186,-133.83217,21.6,-0.2,65.0,0.0
1016,Long Valley,44.78835,-116.08878,7.3,-0.1,26.0,-1.0
593,Long Valley Jct,37.487559999999995,-112.51458000000001,2.2,-0.1,10.0,0.0
768,Look Eyrie,63.32192,-145.59655,,,63.0,1.0
594,Lookout,47.45749,-115.70456999999999,17.8,0.1,67.0,-1.0
1298,Lookout Butte,42.13397,-117.17992,,,0.0,0.0
595,Lookout Mountain,33.36027,-107.83122,0.0,-0.1,0.0,0.0
596,Lookout Peak,40.837309999999995,-111.70965,12.1,0.0,48.0,-1.0
597,Loomis Park,43.17387,-110.14007,8.6,0.0,47.0,-1.0
1118,Lost Creek Resv,41.22155,-111.35947,3.1,0.0,10.0,0.0
940,Lost Dog,40.81588,-106.74835,12.8,0.8,48.0,0.0
599,Lost Horse,46.3575,-121.08095,12.6,0.0,42.0,-1.0
600,Lost Lake,47.0809,-115.9604,33.7,0.4,,
601,Lost-Wood Divide,43.82432,-114.26402,9.9,-0.1,45.0,-1.0
972,Louis Meadow,40.83033,-111.76456999999999,10.1,0.0,35.0,-1.0
1296,Louse Canyon,42.07059,-117.5483,,,8.0,0.0
602,Loveland Basin,39.67433,-105.90133,9.7,0.0,42.0,-1.0
1265,Lower Kachemak Creek,59.73506999999999,-150.69326999999998,,,,
603,Lower Twin,45.50871,-111.92288,9.4,0.2,44.0,-2.0
604,Lubrecht Flume,46.88293,-113.32228,4.8,-0.1,26.0,0.0
605,Lucky Strike,45.27478,-118.8479,5.2,-0.2,16.0,-1.0
606,Lyman Lake,48.19798,-120.91678,41.8,0.1,,
1069,Lynn Lake,47.20172,-121.77972,13.4,0.1,37.0,1.0
607,Lynx Pass,40.07806,-106.67028,6.4,0.0,32.0,-2.0
608,Madison Butte,45.105129999999996,-119.49585,4.3,0.0,11.0,0.0
609,Madison Plateau,44.58623,-111.11627,13.4,0.0,55.0,-2.0
610,Magic Mountain,42.18072,-114.28662,8.6,-0.2,34.0,0.0
612,Mammoth-Cottonwood,39.68338,-111.31818,7.0,0.0,26.0,-1.0
905,Mancos,37.43087,-108.16953999999998,4.9,0.0,17.0,0.0
613,Many Glacier,48.79698,-113.6705,8.7,0.2,34.0,-1.0
614,Marion Forks,44.59397,-121.97365,1.6,-0.1,2.0,0.0
615,Marlette Lake,39.16395,-119.89672,11.3,0.2,45.0,0.0
616,Marquette,44.3016,-109.24018999999998,2.5,0.1,15.0,-2.0
999,Marten Ridge,48.76292,-121.69823000000001,48.6,0.5,128.0,
617,Maverick Fork,33.921209999999995,-109.45881000000001,1.4,0.0,5.0,0.0
1096,May Creek,61.34783,-142.70967,5.5,0.1,22.0,0.0
618,Mc Clure Pass,39.12897,-107.28806000000002,8.0,0.0,31.0,-2.0
1040,Mccoy Park,39.60468,-106.54128,5.6,0.0,29.0,-1.0
785,McGrath,62.94651999999999,-155.6102,6.0,0.0,27.0,-1.0
619,Mckenzie,44.2103,-121.87292,23.8,0.0,66.0,
1048,Mcknight Cabin,33.00812,-107.86975,0.1,0.0,1.0,-1.0
1003,Mcneil Canyon,59.744330000000005,-151.25133,11.8,-0.1,39.0,0.0
1191,Mcneil River SGS,59.08331999999999,-154.27543,,,50.0,0.0
620,Meadow Lake,44.43655,-113.31815,7.3,0.0,33.0,0.0
897,Meadows Pass,47.283120000000004,-121.47197,23.7,0.5,73.0,0.0
1196,Med Bow,41.37833,-106.34681,25.1,0.1,85.0,-4.0
914,Medano Pass,37.85164,-105.43614,3.9,-0.1,17.0,0.0
621,Merchant Valley,38.30285,-112.43637,4.1,0.0,19.0,-1.0
1207,Merritt Mountain,41.8927,-115.858,,,10.0,0.0
622,Mesa Lakes,39.05831,-108.05835,6.3,0.0,30.0,-1.0
1011,MF Nooksack,48.824529999999996,-121.92951000000001,43.4,-0.1,,
623,Mica Creek,47.15045,-116.26643,15.9,-0.2,63.0,-2.0
937,Michigan Creek,39.43577,-105.91078,6.4,-0.1,30.0,
1206,Midas,41.26873,-116.80332,,,9.0,-1.0
624,Middle Creek,37.61978,-107.03482,13.3,0.0,46.0,-1.0
1064,Middle Fork Bradley,59.776830000000004,-150.75733,,,73.0,0.0
1014,Middle Fork Camp,39.7956,-106.0273,6.2,0.0,30.0,-2.0
625,Middle Powder,43.62728,-107.18138,5.7,0.0,28.0,-1.0
626,Midway Valley,37.56933,-112.83849,8.6,-0.1,38.0,0.0
1079,Milk Shakes,45.9821,-117.94883,26.7,0.6,,
627,Mill Creek Summit,44.472120000000004,-114.48992,9.0,-0.1,39.0,-1.0
628,Mill-D North,40.65883,-111.63683,10.7,0.0,39.0,-1.0
1084,Miller Woods,45.24755,-123.27563,0.0,-0.1,0.0,0.0
629,Mineral Creek,37.84747,-107.72657,8.8,0.0,34.0,-2.0
631,Mining Fork,40.493840000000006,-112.61141,6.6,0.0,24.0,0.0
632,Molas Lake,37.749320000000004,-107.68866000000001,9.3,0.0,36.0,-1.0
1094,Monahan Flat,63.305330000000005,-147.64633,5.2,0.0,25.0,0.0
633,Monitor Pass,38.6683,-119.6087,9.2,0.1,,
634,Monte Cristo,41.46547,-111.49688,11.6,0.0,45.0,-1.0
949,Monument Creek,65.07833000000001,-145.87067,3.3,-0.1,17.0,0.0
635,Monument Peak,45.21759,-110.237,15.8,0.0,65.0,-1.0
1124,Moon Pass,37.966609999999996,-106.55837,5.5,0.1,24.0,0.0
636,Moonshine,44.4147,-113.39811999999999,6.6,-0.2,,
1176,Moore Creek Bridge,59.587830000000004,-135.2105,,,84.0,-2.0
638,Moose Creek,45.67008,-113.95315,12.9,0.2,,
1035,Moraine,61.377269999999996,-148.99917,6.5,-0.3,,
637,Mores Creek Summit,43.932,-115.66588,19.5,-0.1,65.0,-1.0
639,Morgan Creek,44.84237,-114.26871000000001,5.6,-0.1,31.0,-1.0
640,Mormon Mountain,34.94109,-111.51848999999999,4.2,-0.1,12.0,-3.0
1125,Mormon Mtn Summit,34.969640000000005,-111.50922,4.7,0.0,14.0,0.0
642,Morse Lake,46.90585,-121.4827,,,112.0,-1.0
643,Mosby Mtn.,40.60798,-109.8881,4.5,0.0,,
989,Moscow Mountain,46.805,-116.8535,15.2,0.1,51.0,0.0
644,Moses Mtn,48.36163,-119.08158999999999,14.5,0.0,46.0,-1.0
645,Mosquito Ridge,48.05726,-116.23055,20.8,-0.1,73.0,0.0
646,Moss Peak,47.68493,-113.9623,24.7,0.1,71.0,-3.0
647,Moss Springs,45.27173,-117.68746999999999,14.2,0.1,46.0,
648,Mount Crag,47.7637,-123.026,,,,
898,Mount Gardner,47.35768,-121.56812,5.7,0.1,,
649,Mount Lockhart,47.91727,-112.8238,13.8,0.0,52.0,-1.0
650,Mountain Meadows,45.696940000000005,-115.22972,14.6,0.4,69.0,-4.0
941,Mowich,46.928329999999995,-121.95232,0.5,0.0,2.0,1.0
1224,Mt Baldy,39.13648,-111.50527,10.1,0.0,38.0,-1.0
651,Mt Hood Test Site,45.32097,-121.7158,36.5,0.3,97.0,0.0
1269,Mt Pennell,37.97793,-110.7933,2.8,0.0,12.0,0.0
652,Mt Rose Ski Area,39.31573,-119.89473000000001,18.5,0.0,66.0,-1.0
1103,Mt. Alyeska,60.959830000000004,-149.08616999999998,28.3,-1.2,87.0,0.0
1073,Mt. Eyak,60.55,-145.745,22.0,-0.1,66.0,1.0
653,Mt. Howard,45.26522,-117.17373,6.4,0.0,22.0,0.0
948,Mt. Ryan,65.25113,-146.15133,4.3,0.0,21.0,0.0
1126,Mt. Tebo,47.460609999999996,-123.41219,20.3,0.0,52.0,1.0
1259,Muckamuck,48.58526,-119.86623999999999,10.1,0.0,40.0,6.0
654,Mud Flat,42.6004,-116.55925,2.9,-0.1,10.0,0.0
655,Mud Ridge,45.25362,-121.73673000000001,17.4,0.3,44.0,2.0
656,Mule Creek,45.40957,-112.95926999999999,10.6,0.1,54.0,-4.0
950,Munson Ridge,64.85033,-146.20945,5.7,-0.1,27.0,2.0
1053,Myrtle Creek,48.72263,-116.46311999999999,4.5,-0.3,18.0,1.0
657,N Fk Elk Creek,46.8716,-113.27725,7.5,0.2,39.0,2.0
658,Nast Lake,39.29722,-106.60694,5.7,0.0,26.0,-1.0
1138,Navajo Whiskey Ck,36.177279999999996,-108.94691,,,14.0,0.0
903,Nevada Ridge,46.84234,-112.50787,9.8,0.1,45.0,1.0
1031,Never Summer,40.40405,-105.95583,11.2,0.0,35.0,-1.0
660,New Crescent Lake,43.51185,-121.97981999999999,8.2,0.1,34.0,0.0
661,New Fork Lake,43.11265,-109.94946999999999,6.0,-0.2,,
662,Nez Perce Camp,45.73107,-114.48075,10.7,0.1,,
1279,Nicks Valley,61.163709999999995,-145.64092,,,90.0,0.0
663,Niwot,40.03523,-105.54426000000001,5.3,-0.1,19.0,-7.0
664,Noisy Basin,48.15678,-113.94637,28.2,0.3,191.0,107.0
665,North Costilla,36.99378,-105.25963,3.8,0.0,15.0,-1.0
666,North Fork,45.5505,-122.00283,4.9,0.0,14.0,-1.0
667,North Fork Jocko,47.2726,-113.75617,25.0,0.3,,
668,North French Creek,41.3308,-106.37555,17.5,-0.1,66.0,-1.0
669,North Lost Trail,39.07813,-107.14388999999998,9.1,0.1,35.0,-2.0
920,North Rapid Creek,44.20617,-103.78758,4.2,0.2,17.0,-1.0
670,Northeast Entrance,45.00565,-110.01406000000001,6.1,0.1,30.0,-2.0
1037,Nuka Glacier,59.69866999999999,-150.70967,,,94.0,-1.0
1127,Nutrioso,33.89747,-109.15517,0.1,0.0,1.0,-1.0
1146,Oak Creek,39.3485,-112.32638999999999,3.8,0.1,13.0,0.0
671,Ochoco Meadows,44.42917,-120.3311,7.1,-0.1,25.0,0.0
672,Olallie Meadows,47.37406,-121.44213,,,,
673,Old Battle,41.15397,-106.96937,17.7,0.0,67.0,-3.0
1272,ONeil Creek,41.8642,-115.08316,3.0,0.0,11.0,0.0
1008,Onion Park,46.91348,-110.8536,8.2,0.0,39.0,-2.0
675,Overland Res.,39.090559999999996,-107.63472,5.6,0.0,22.0,-2.0
676,Owl Creek,43.65868,-109.00988000000001,2.4,0.1,12.0,0.0
677,Oxford Spring,42.26015,-112.12515,5.3,0.0,25.0,0.0
1170,Palo,36.40848,-105.33063,4.5,-0.1,18.0,-2.0
1148,Panguitch Lake RS,37.70463,-112.65037,2.3,0.0,8.0,0.0
679,Paradise,46.78265,-121.74765,53.8,-0.2,,
986,Pargon Creek,64.9935,-163.10317,,,7.0,0.0
680,Park Cone,38.819959999999995,-106.58973999999999,5.6,0.0,27.0,0.0
681,Park Creek Ridge,48.44488,-120.91551000000001,39.3,0.0,,
682,Park Reservoir,39.046440000000004,-107.87414,11.3,0.1,46.0,-2.0
683,Parker Peak,44.733959999999996,-109.91483999999998,16.3,0.1,69.0,-3.0
684,Parleys Summit,40.76184,-111.62917,8.8,0.0,34.0,-2.0
856,Parleys Upper,40.70194,-111.60618999999998,9.6,0.0,39.0,-1.0
971,Parrish Creek,40.93417,-111.81371999999999,9.9,0.0,39.0,-1.0
1241,Patton Meadows AM,42.24522,-120.60526999999999,,,28.0,0.0
686,Payson R.S.,39.929759999999995,-111.63108999999999,6.2,0.0,24.0,0.0
687,Peavine Ridge,45.04148,-121.93252,5.3,0.0,10.0,-1.0
1104,Pepper Creek,46.10242,-121.95555,0.0,0.0,0.0,0.0
930,Peterson Meadows,46.12588,-113.30792,6.6,0.2,,
688,Phantom Valley,40.399370000000005,-105.84756999999999,5.3,0.0,25.0,-1.0
689,Phillips Bench,43.516870000000004,-110.91258,16.6,-0.1,66.0,-4.0
690,Pickfoot Creek,46.57978,-111.26831999999999,5.4,-0.1,27.0,-1.0
691,Pickle Keg,39.012190000000004,-111.58259,6.0,0.0,22.0,-1.0
1142,Pierce R.S.,46.49597,-115.7957,6.7,0.0,,
692,Pigtail Peak,46.62153,-121.38643,33.1,0.1,94.0,-1.0
693,Pike Creek,48.30305,-113.32868,4.5,0.1,22.0,-2.0
694,Pine Creek,38.88185,-112.24915,6.0,0.1,24.0,-1.0
695,Pine Creek Pass,43.56998,-111.21157,11.2,-0.2,44.0,-2.0
1263,Pinto Rock,46.32318,-121.94219,25.5,-0.1,76.0,0.0
696,Placer Basin,45.41905,-110.08843999999999,13.2,0.2,59.0,-1.0
1133,Pocket Creek,42.7121,-109.4112,,,31.0,-2.0
697,Poison Flat,38.505759999999995,-119.62624,10.8,0.3,41.0,-1.0
1244,Pole Canyon,40.86293,-115.12066999999999,5.5,-0.9,21.0,-1.0
698,Pole Creek R.S.,41.87255,-115.24713,8.9,0.6,32.0,0.0
932,Poorman Creek,48.12672,-115.62333000000001,20.5,0.1,70.0,-1.0
699,Pope Ridge,47.9909,-120.56622,17.4,0.0,50.0,0.0
700,Porcupine,46.11192,-110.4696,3.4,0.0,19.0,-2.0
701,Porphyry Creek,38.48884,-106.33965,7.6,0.0,36.0,-1.0
987,Port Graham,59.35065,-151.84768,6.5,-0.4,22.0,-1.0
2170,Porter Canyon,39.46544,-117.62069,1.7,-0.3,5.0,-1.0
702,Potato Hill,46.34963,-121.51435,22.8,0.0,70.0,0.0
703,Powder River Pass,44.16188,-107.12621999999999,8.0,0.1,46.0,-2.0
704,Prairie,43.50513,-115.573,3.8,-0.3,19.0,0.0
705,Promontory,34.36824,-111.01083999999999,6.2,-0.1,,
1177,Prudhoe Bay,70.26666,-148.56666,,,5.0,0.0
706,Quartz Mountain,42.31923,-120.82533000000001,0.3,0.0,,
707,Quartz Peak,47.87927,-117.08938,,,,
708,Quemazon,35.92244,-106.39203,3.1,0.0,9.0,1.0
1297,Quinn Ridge,41.96219,-117.33968,,,2.0,0.0
709,Rabbit Ears,40.36783,-106.74038,9.7,0.1,40.0,-2.0
1081,Ragged Mountain,47.85583,-117.03667,17.9,-0.2,61.0,0.0
710,Railroad Overpass,43.65887,-122.21271999999999,0.0,0.0,0.0,0.0
1110,Rainbow Canyon,36.2493,-115.62971999999999,2.9,0.0,7.0,0.0
711,Rainy Pass,48.51865,-120.7358,29.6,0.2,92.0,-1.0
1032,Rawah,40.7075,-106.0076,6.7,0.0,28.0,-1.0
1290,Red Canyon AM,42.42817,-116.84653,,,18.0,0.0
712,Red Hill,45.4643,-121.70428000000001,28.8,0.4,55.0,2.0
713,Red Mountain Pass,37.8918,-107.71342,12.9,0.1,49.0,-1.0
714,Red Pine Ridge,39.45197,-111.27221000000002,5.3,0.0,23.0,-2.0
715,Red River Pass #2,36.69925,-105.34125,,,,
1225,Redden Mine Lwr,40.67505,-111.21765,7.1,-0.1,28.0,-1.0
1217,Rees Flat,39.49667,-111.72508,4.7,0.0,22.0,-1.0
716,Reno Hill,42.57111,-106.08888999999999,6.0,0.0,29.0,-1.0
911,Rex River,47.30218,-121.60475,30.3,0.2,75.0,0.0
2029,Reynolds Creek,43.28863,-116.8431,,,,
933,Rice Park,35.23333,-108.26666999999999,2.6,0.1,8.0,0.0
1254,Rio Santa Barbara,36.07192,-105.62947,7.4,0.0,28.0,0.0
717,Ripple Creek,40.10812,-107.29411,12.2,0.0,51.0,-3.0
718,Roach,40.87502,-106.04603,8.2,0.0,38.0,-2.0
719,Roaring River,43.90098,-122.03063,16.8,0.0,48.0,-1.0
1199,Robinson Lake,40.7255,-115.2798,,,26.0,-3.0
720,Rock Creek,40.54875,-110.69292,3.6,-0.3,15.0,-1.0
721,Rock Springs,44.008829999999996,-118.83842,4.4,-0.1,12.0,0.0
722,Rocker Peak,46.35613,-112.26176000000001,10.6,0.2,53.0,-1.0
723,Rocky Basin-Settleme,40.44293,-112.22377,7.9,0.0,29.0,0.0
917,Rocky Boy,48.17478,-109.64728000000001,3.2,-0.2,,
973,Rocky Point,64.53482,-163.4214,,,17.0,0.0
1220,Rogger Meadow AM,42.165279999999996,-120.24746999999999,,,29.0,-1.0
939,Rough And Tumble,39.03333,-106.08333,4.5,0.1,22.0,-1.0
724,Rubicon #2,38.99927,-120.13139,,,,
725,S Fork Shields,46.0896,-110.43363000000001,6.9,0.2,32.0,-1.0
929,Sacajawea,45.87395,-110.92783,9.0,0.3,46.0,2.0
726,Saddle Mountain,45.54477,-123.37315,2.3,-0.1,5.0,0.0
727,Saddle Mtn.,45.69259,-113.96828000000001,17.2,0.2,,
1015,Sage Creek Basin,41.401,-107.25717,7.1,-0.1,30.0,-1.0
1183,Sagwon,69.42416999999999,-148.6925,,,21.0,1.0
1100,Saint Elmo,38.69978,-106.36801000000001,6.3,0.1,28.0,-1.0
728,Salmon Meadows,48.65518,-119.8383,10.6,0.0,42.0,1.0
729,Salt Creek Falls,43.61193,-122.11758,13.3,-0.1,32.0,1.0
730,Salt River Summit,42.5075,-110.9099,7.5,-0.1,34.0,1.0
1172,San Antonio Sink,36.8622,-106.22502,5.7,-0.1,23.0,-1.0
731,Sand Lake,41.46257,-106.28107,17.4,0.0,65.0,-2.0
732,Sandstone RS,41.11172,-107.1706,9.6,2.0,37.0,-2.0
922,Santa Fe,35.766940000000005,-105.78333,,,,
1280,Santaquin Meadows,39.920759999999994,-111.71802,6.0,0.0,26.0,0.0
733,Santiam Jct.,44.43503,-121.94502,10.0,0.1,27.0,0.0
1128,Sargents Mesa,38.28555,-106.37069,7.3,0.0,34.0,-1.0
734,Sasse Ridge,47.38485,-121.06323,,,,
1231,Satus Pass,45.987970000000004,-120.67733999999999,5.3,-0.1,22.0,0.0
735,Savage Pass,46.46633,-114.63333,16.5,0.5,,
1068,Sawmill Ridge,47.15992,-121.42172,19.3,0.2,,
1251,Sawtooth,40.13697,-105.58625,11.8,0.1,47.0,-3.0
736,Schneider Meadows,45.00107,-117.16521999999999,22.2,0.0,69.0,-1.0
737,Schofield Pass,39.01522,-107.04876999999999,15.0,-0.1,57.0,-2.0
915,Schwartz Lake,44.84618,-113.83731999999999,5.6,-0.1,30.0,0.0
738,Schweitzer Basin,48.37428,-116.63917,31.4,-0.2,94.0,0.0
739,Scotch Creek,37.645559999999996,-108.00786000000001,5.6,0.0,23.0,-1.0
740,Secesh Summit,45.18848,-115.97152,18.9,0.0,,
741,Sedgwick Peak,42.52497,-111.95635,8.1,-0.2,39.0,0.0
742,Seeley Creek,39.31042,-111.43297,4.2,0.0,14.0,0.0
743,Seine Creek,45.52688,-123.29857,0.0,0.0,,
744,Senorita Divide #2,36.001979999999996,-106.83348000000001,,,,
1043,Sentinel Butte,48.86133,-118.39843,9.2,-0.1,38.0,0.0
745,Sevenmile Marsh,42.69825,-122.14165,16.7,0.0,51.0,-1.0
746,Seventysix Creek,41.737320000000004,-115.47215,4.3,0.0,22.0,0.0
747,Shanghi Summit,46.56603,-115.74216000000001,19.5,0.6,63.0,0.0
1060,Sharkstooth,37.50357,-108.11373,7.5,-0.1,31.0,0.0
748,Sheep Canyon,46.19325,-122.25393000000001,25.7,0.0,,
749,Sheep Mtn.,43.2103,-111.68791999999999,8.0,0.0,31.0,0.0
750,Sheldon,41.90435,-119.44463999999999,0.1,0.0,0.0,-1.0
751,Shell Creek,44.50012,-107.42947,10.5,0.0,57.0,-3.0
1219,Sherman Valley AM,42.3572,-120.22522,,,20.0,0.0
752,Sherwin,46.95028,-116.33972,8.3,0.1,33.0,-1.0
753,Short Creek,44.97572,-111.95215,3.8,0.0,18.0,-1.0
754,Shower Falls,45.40125,-110.95758000000001,15.5,0.3,72.0,-4.0
1169,Shuree,36.78778,-105.23998999999999,5.3,-0.1,22.0,0.0
1034,Sierra Blanca,33.404720000000005,-105.78721999999999,,,1.0,1.0
755,Signal Peak,32.924009999999996,-108.14538,0.2,0.0,1.0,0.0
756,Silver Creek,42.95615,-121.18123,6.2,-0.2,,
757,Silver Creek Divide,33.37106,-108.70618,3.7,0.0,12.0,0.0
1205,Silver Creek Nv,39.23305,-114.2429,,,7.0,0.0
759,Silvies,42.75333,-118.68785,9.1,0.1,36.0,0.0
760,Skalkaho Summit,46.24212,-113.7725,14.6,0.3,66.0,-1.0
1257,Skate Creek,46.643359999999994,-121.83044,30.1,0.1,70.0,-1.0
912,Skookum Creek,47.684329999999996,-121.61007,35.1,0.6,78.0,1.0
1286,Slagamelt Lakes,45.36526,-113.71834,19.4,0.1,68.0,-1.0
783,Sleeping Woman,47.17902,-114.33368,9.5,0.2,,
761,Slug Creek Divide,42.56248,-111.29796999999999,9.3,0.0,38.0,-1.0
762,Slumgullion,37.9908,-107.20326999999999,8.5,0.0,38.0,-1.0
926,Smiley Mountain,43.72718,-113.83402,7.7,0.0,38.0,0.0
763,Smith  Morehouse,40.78931,-111.09192,4.3,0.0,24.0,-1.0
1235,Smith Creek,40.4467,-115.5114,,,22.0,0.0
1167,Smith Ridge,44.30325,-122.04053,1.7,-0.1,3.0,-1.0
764,Snake River Station,44.13361,-110.66917,10.8,-0.1,,
765,Snider Basin,42.4949,-110.53203,8.1,-0.2,38.0,-1.0
767,Snow Mountain,43.94885,-119.54013,8.0,0.0,24.0,0.0
766,Snowbird,40.569140000000004,-111.65852,16.1,0.0,55.0,-1.0
927,Snowslide Canyon,35.3416,-111.65058,10.2,0.0,33.0,0.0
1208,Snowstorm Mtn,41.33981,-116.98043999999999,,,26.0,0.0
1132,Soldier Park,44.34847,-107.0136,2.0,-0.1,12.0,0.0
769,Soldier R.S.,43.48407,-114.82692,7.3,-0.1,27.0,0.0
770,Somsen Ranch,42.95275,-111.35933,7.7,-0.2,34.0,-1.0
771,Sonora Pass,38.31021,-119.6003,11.4,0.1,48.0,-1.0
985,Sourdough Gulch,46.23718,-117.39438,0.5,0.0,,
772,South Brush Creek,41.32943,-106.50248,6.5,0.0,20.0,-1.0
773,South Colony,37.968109999999996,-105.53787,14.3,0.0,49.0,-1.0
925,South Fork Bull Run,45.44575,-122.03125,0.5,0.1,0.0,
774,South Mtn.,42.76478,-116.90037,7.7,0.0,28.0,-1.0
775,South Pass,42.573170000000005,-108.84325,6.2,0.0,27.0,-1.0
776,Spencer Meadow,46.1795,-121.92661000000001,18.7,0.0,47.0,-1.0
777,Spirit Lake,46.26113,-122.1772,5.6,0.0,12.0,-1.0
1117,Spirit Lk,40.83868,-110.00527,6.6,-0.3,24.0,-1.0
778,Spratt Creek,38.666270000000004,-119.81741000000001,5.9,0.0,21.0,0.0
779,Spring Creek Divide,42.52516,-110.66148000000001,14.1,-0.1,66.0,-2.0
984,Spruce Springs,46.18287,-117.54155,8.9,0.3,,
780,Spud Mountain,37.69866,-107.77715,13.4,0.0,47.0,-1.0
781,Spur Park,46.77962,-110.62165,15.8,0.1,,
782,Squaw Flat,44.77091,-116.24805,13.6,0.0,53.0,-1.0
784,Squaw Valley G.C.,39.189859999999996,-120.26576000000001,17.0,0.1,,
786,St. Lawrence Alt,43.03313,-109.17025,1.0,0.0,6.0,0.0
1203,Stag Mountain,41.408,-115.4464,,,,
787,Stahl Peak,48.90902,-114.86298000000001,22.4,-0.1,69.0,1.0
788,Stampede Pass,47.27427,-121.34161999999999,29.3,0.2,,
789,Starr Ridge,44.26423,-119.02162,4.5,-0.1,17.0,0.0
1258,State Line,41.986090000000004,-120.71574,2.7,-0.7,9.0,0.0
993,State Line AM,41.9869,-120.7151,,,6.0,0.0
790,Steel Creek Park,40.90862,-110.50461999999999,8.0,0.0,32.0,0.0
791,Stevens Pass,47.74607,-121.09288000000001,34.0,0.2,,
792,Stickney Mill,43.86117,-114.20902,4.6,-0.2,25.0,0.0
793,Stillwater Creek,40.225429999999996,-105.91977,2.5,-0.1,14.0,-3.0
794,Strawberry,42.12587,-120.8361,2.6,-0.8,5.0,0.0
795,Strawberry Divide,40.16483,-111.20665,5.8,0.0,27.0,-1.0
1009,Stringer Creek,46.9269,-110.90198000000001,8.1,0.0,,
901,Stuart Mountain,46.99523,-113.92663999999999,20.3,0.2,76.0,1.0
797,Stump Lakes,37.476209999999995,-107.63295,9.9,0.0,40.0,-1.0
798,Sucker Creek,44.7225,-107.40033000000001,8.9,0.1,40.0,-2.0
1095,Sugarloaf Mtn,61.081,-146.2995,,,54.0,0.0
800,Summer Rim,42.6957,-120.80158,5.1,-0.1,14.0,0.0
955,Summit Creek,60.61713,-149.53128,9.8,-0.7,42.0,-1.0
801,Summit Lake,43.44907,-122.13808,21.9,0.0,66.0,0.0
1194,Summit Lk,41.48953,-118.99663000000001,7.0,0.1,25.0,-1.0
1052,Summit Meadow,38.39747,-119.53522,9.9,0.0,40.0,0.0
802,Summit Ranch,39.71796,-106.15802,5.7,-0.1,24.0,-1.0
1078,Sun Pass,42.78637,-121.97715,10.3,-0.1,35.0,-1.0
1249,Sunflower Flat,38.048,-111.33981000000001,4.0,-0.5,15.0,-1.0
803,Sunset,47.55545,-115.82422,13.4,0.0,54.0,-3.0
804,Surprise Lakes,46.09497,-121.76345,33.5,0.1,91.0,3.0
967,Susitna Valley High,62.13333000000001,-150.04166999999998,5.2,-0.2,24.0,0.0
1248,Suu Ranch,37.59711,-112.92948999999999,4.9,-0.2,21.0,-1.0
975,Swamp Creek,48.57142,-120.78267,15.4,0.0,54.0,
1077,Swan Lake Mtn,42.41323,-121.68002,10.3,-0.1,33.0,-1.0
805,Swede Peak,43.626,-113.96887,7.6,-0.1,38.0,-1.0
1012,Swift Creek,46.1638,-122.18401999999999,48.4,0.0,,
806,Sylvan Lake,44.47764,-110.15651000000001,12.1,0.1,53.0,1.0
807,Sylvan Road,44.47825,-110.03808000000001,7.5,0.1,36.0,1.0
809,Tahoe City Cross,39.171620000000004,-120.15361999999999,7.0,-0.2,24.0,0.0
1247,Takka Wiiya,39.741040000000005,-113.98262,5.6,-0.1,152.0,127.0
1168,Taos Powderhorn,36.582029999999996,-105.45611000000001,11.7,0.0,41.0,-1.0
810,Taylor Butte,42.69108,-121.42591999999999,3.6,-0.6,9.0,0.0
811,Taylor Canyon,41.2287,-116.0293,1.6,-0.2,4.0,0.0
812,Taylor Green,45.07707,-117.55067,15.8,0.0,44.0,-1.0
1266,Telaquana Lake,60.98243000000001,-153.91772,5.1,-0.1,,
1013,Temple Fork,41.793,-111.54605,7.7,-0.1,35.0,-1.0
1202,Tent Mtn Lower,40.97852,-115.17215,,,16.0,-2.0
1201,Tent Mtn Upper,40.96535,-115.16458,,,35.0,0.0
813,Tepee Creek,44.78562,-111.71,7.6,-0.1,37.0,-1.0
951,Teuchet Creek,64.94583,-145.51667,2.9,0.0,17.0,1.0
814,Thaynes Canyon,40.6235,-111.53322,9.3,0.0,42.0,-1.0
1226,Thistle Flat,39.23803,-111.51998,4.9,0.0,21.0,0.0
815,Three Creeks Meadow,44.14425,-121.64095,10.9,0.0,35.0,-1.0
816,Thumb Divide,44.369170000000004,-110.57717,9.8,0.0,,
817,Thunder Basin,48.52753,-120.9895,,,82.0,-2.0
818,Tie Creek,44.81243,-107.41017,2.6,0.0,14.0,-1.0
819,Timber Creek,44.0274,-109.17878999999999,1.5,0.1,6.0,0.0
1097,Timberline,39.67712,-110.43395,3.9,0.1,18.0,0.0
820,Timpanogos Divide,40.42817,-111.61633,8.8,0.0,33.0,-2.0
899,Tinkham Creek,47.33198,-121.46975,21.4,0.3,,
821,Tipton,44.65567,-118.42617,8.5,0.0,30.0,-1.0
893,Tizer Basin,46.34937,-111.85308,5.0,0.0,,
1136,Toe Jam,41.3187,-116.3408,8.3,-0.1,32.0,-1.0
822,Togwotee Pass,43.74902,-110.0578,16.2,0.2,73.0,-3.0
1044,Toketee Airstrip,43.22718,-122.42537,1.4,0.0,2.0,-1.0
1089,Tokositna Valley,62.63,-150.77617,11.1,-0.6,46.0,-1.0
934,Tolby,36.47493,-105.19468,5.2,-0.1,21.0,0.0
823,Tony Grove Lake,41.89833,-111.62957,15.7,0.0,55.0,-2.0
1113,Tony Grove RS,41.88573,-111.56918,6.0,-0.2,24.0,-1.0
824,Touchet,46.11868,-117.8505,20.1,0.4,,
825,Tower,40.53743,-106.6768,19.6,-0.1,67.0,-6.0
826,Townsend Creek,42.69525,-108.89572,3.1,-0.1,15.0,0.0
827,Trapper Lake,39.99884,-107.2362,,,7.0,-2.0
1083,Tres Ritos,36.12778,-105.52713999999999,0.7,-0.4,1.0,-1.0
828,Trial Lake,40.678,-110.94873,9.8,0.1,45.0,-2.0
829,Trinchera,37.35328,-105.23233,8.9,0.0,36.0,-1.0
1171,Trinity,48.0747,-120.8493,30.5,0.0,,
830,Trinity Mtn.,43.62903,-115.43818,20.1,0.0,64.0,0.0
831,Triple Peak,42.76393,-110.5914,15.1,-0.1,62.0,-3.0
832,Trough,47.23328,-120.29411999999999,8.8,0.0,29.0,0.0
833,Trout Creek,40.739,-109.6728,3.1,-0.1,18.0,1.0
1238,Trout Creek AM,42.03597,-118.24008,,,31.0,0.0
1200,Trout Creek Upper,41.0457,-115.0965,,,12.0,0.0
834,Truckee #2,39.30087,-120.18406999999999,,,,
954,Turnagain Pass,60.78043,-149.18325,32.2,-1.4,116.0,-1.0
1230,TV Ridge AM,45.39608,-117.38918999999999,,,20.0,0.0
835,Twelvemile Creek,46.14287,-114.44755,13.3,0.1,62.0,0.0
836,Twin Lakes,46.1438,-114.5056,26.1,0.6,97.0,2.0
837,Two Ocean Plateau,44.15178,-110.22122,17.8,0.1,,
838,University Camp,40.032790000000006,-105.57615,7.1,0.0,,
952,Upper Chena,65.1,-144.93317,,,27.0,0.0
1227,Upper Joes Valley,39.4155,-111.2491,4.0,0.0,16.0,-2.0
1090,Upper Nome Creek,65.3671,-146.592,,,,
839,Upper Rio Grande,37.721940000000004,-107.26015,4.9,0.1,22.0,0.0
840,Upper San Juan,37.48576,-106.83535,18.7,0.0,64.0,-2.0
1141,Upper Taylor,38.99007,-106.74502,8.7,0.1,36.0,-1.0
1055,Upper Tsaina River,61.19112,-145.64807,15.0,-0.1,58.0,-70.0
841,Upper Wheeler,47.28734,-120.37015,8.2,-0.1,,
1098,Usu Doc Daniel,41.86425,-111.50603000000001,13.1,0.1,55.0,-2.0
1005,Ute Creek,37.61497,-105.37326999999999,9.2,-0.1,35.0,0.0
1237,V Lake AM,42.46573,-118.76583000000001,,,3.0,0.0
1137,Vacarro Springs,39.4495,-115.9834,4.0,-0.1,14.0,0.0
1017,Vacas Locas,36.02635,-106.81362,6.4,0.0,22.0,0.0
842,Vail Mountain,39.61676,-106.38006000000001,10.1,0.1,40.0,-2.0
843,Vallecito,37.4851,-107.5068,9.7,0.0,38.0,-1.0
979,Van Wyck,44.37665,-116.3366,5.6,0.0,21.0,0.0
1294,Vaught Ranch AM,42.49491,-116.43665,,,4.0,0.0
844,Vernon Creek,39.93667,-112.41478000000001,5.0,0.1,25.0,-1.0
845,Vienna Mine,43.79942,-114.85273000000001,17.9,0.0,65.0,-2.0
846,Virginia Lakes Ridge,38.07298,-119.23433,7.8,0.0,39.0,-1.0
1188,Wager Gulch,37.88248,-107.3643,6.7,0.0,27.0,-1.0
847,Waldron,47.919979999999995,-112.79087,6.1,0.1,30.0,0.0
848,Ward Creek #3,39.13545,-120.21865,,,,
849,Ward Mountain,39.13242,-114.95575,3.0,0.1,16.0,0.0
850,Warm Springs,46.27368,-113.164,16.5,0.3,78.0,-3.0
974,Waterhole,47.94485,-123.42594,38.3,0.1,95.0,1.0
852,Webber Springs,41.159459999999996,-106.92714,12.8,0.0,49.0,-2.0
853,Webster Flat,37.575,-112.90155,5.5,0.0,20.0,0.0
909,Wells Creek,48.8661,-121.78976000000002,28.9,0.0,86.0,
1160,Weminuche Creek,37.51976,-107.32151999999999,11.9,0.0,46.0,-2.0
854,Wesner Springs,35.77556,-105.5425,4.7,0.1,19.0,0.0
855,West Branch,45.0722,-116.45413,15.7,0.0,,
1288,West Eagle Meadows AM,45.08467,-117.48167,,,63.0,0.0
924,West Yellowstone,44.65866,-111.09199,7.2,0.0,32.0,0.0
1147,Wheeler Peak,39.00995,-114.31021000000001,4.5,0.0,20.0,-1.0
857,Whiskey Ck,37.21411,-105.12245,7.1,0.0,27.0,0.0
858,Whiskey Creek,44.61088,-111.14998,9.2,-0.1,41.0,-1.0
859,Whiskey Park,41.00289,-106.90848000000001,17.1,-0.1,64.0,-4.0
860,White Elephant,44.53267,-111.41085,13.6,0.0,53.0,-1.0
861,White Horse Lake,35.14202,-112.14915,3.1,-0.2,9.0,0.0
862,White Mill,45.04575,-109.90987,19.7,0.1,71.0,-1.0
863,White Pass E.S.,46.641420000000004,-121.38153,18.8,0.1,,
864,White River #1,39.9645,-110.98845,,,,
1213,White River Nv,38.945570000000004,-115.37921999999999,,,2.0,0.0
865,Widtsoe #3,37.83633,-111.88163,,,,
1042,Wild Basin,40.20105,-105.60248,7.7,0.0,31.0,
866,Wildcat,33.75835,-109.47973,0.2,-0.1,,
867,Wildhorse Divide,42.75743,-112.47783000000001,6.8,0.0,27.0,0.0
868,Willow Creek,42.815129999999996,-110.83515,15.7,-0.1,,
869,Willow Creek Pass,40.34703,-106.09433,6.8,0.0,30.0,-1.0
870,Willow Park,40.43254,-105.73337,8.9,0.0,38.0,-2.0
871,Wilson Creek,42.012570000000004,-115.00278,6.3,0.0,24.0,-1.0
872,Windy Peak,42.2802,-105.57816000000001,3.2,0.1,18.0,-1.0
873,Wolf Creek,45.067029999999995,-118.15191999999999,9.0,0.0,37.0,0.0
1164,Wolf Creek Peak,40.47733,-111.04468999999999,10.6,0.0,44.0,-1.0
874,Wolf Creek Summit,37.47922,-106.8017,22.0,0.1,74.0,-2.0
875,Wolverine,44.80417,-109.657,7.2,0.1,33.0,-2.0
876,Wood Creek,47.44847,-112.81428000000001,5.2,0.0,27.0,0.0
877,Workman Creek,33.81242,-110.91773,2.7,-0.3,6.0,-2.0
1228,Wrigley Creek,39.132329999999996,-111.35685,4.9,0.0,21.0,-1.0
1197,Yankee Reservoir,37.74797,-112.77495,3.2,0.1,11.0,0.0
878,Younts Peak,43.93225,-109.81775,9.9,0.1,39.0,-1.0
1033,Zirkel,40.79488,-106.59535,13.3,-0.1,51.0,-3.0
