Station Id,Station Name,Latitude,Longitude
301,Adin Mtn,41.23583,-120.79192
907,Agua Canyon,37.52217,-112.27118
916,Albro Lake,45.59723,-111.95902
1267,Alexander Lake,61.74967,-150.88967
908,Alpine Meadows,47.77957,-121.69847
1239,Althouse,41.99617,-123.54700
1198,American Beauty,40.53373,-115.45768
1189,American Creek,64.78969,-141.23376
1062,Anchor River Divide,59.85972,-151.31500
1070,Anchorage Hillside,61.11483,-149.66683
302,Aneroid Lake #2,45.21328,-117.19258
1000,Annie Springs,42.87007,-122.16518
1245,Anthony Lake,44.95910,-118.22668
303,Apishapa,37.33062,-105.06749
1030,Arapaho Ridge,40.35098,-106.35098
304,Arbuckle Mtn,45.19085,-119.25392
1165,Ashley Divide,48.20161,-114.51495
957,Atigun Pass,68.12983,-149.47817
306,Atlanta Summit,43.75690,-115.23907
307,Badger Pass,48.13088,-113.02317
308,Baker Butte,34.45660,-111.40643
1140,Baker Butte Smt,34.45547,-111.38272
1240,Bald Mtn AM,41.78333,-119.61667
447,Bald Mtn AM OR,45.21158,-117.66260
309,Bald Mtn.,44.80070,-107.84442
310,Baldy,33.97883,-109.50344
311,Banfield Mountain,48.57120,-115.44573
312,Banner Summit,44.30342,-115.23447
1212,Bar M,34.86136,-111.60503
313,Barker Lakes,46.09713,-113.13038
1246,Barney Creek,44.36069,-118.31114
314,Base Camp,43.94019,-110.44544
315,Basin Creek,45.79737,-112.52047
1190,Bassoo Peak,47.85562,-114.75841
316,Bateman,36.51174,-106.31543
1295,Battle Creek AM,42.47694,-116.32576
317,Battle Mountain,41.05413,-107.26609
318,Beagle Springs,44.47147,-112.98191
319,Bear Basin,44.95222,-116.14293
320,Bear Canyon,43.74367,-113.93797
321,Bear Creek,41.83384,-115.45278
1291,Bear Flat Meadow AM,42.41655,-120.47043
1166,Bear Grass,44.32530,-122.09380
322,Bear Lake,40.31176,-105.64670
323,Bear Mountain,48.30577,-116.07448
1061,Bear River,40.06153,-107.00955
992,Bear River RS,40.88520,-110.82770
324,Bear Saddle,44.60533,-116.98097
325,Bear Trap Meadow,43.88743,-107.06135
326,Beartooth Lake,44.94307,-109.56743
327,Beartown,37.71409,-107.51212
1041,Beaver Ck Village,39.59917,-106.51142
328,Beaver Creek,44.94966,-111.35852
329,Beaver Dams,39.13683,-111.55813
330,Beaver Divide,40.61233,-111.09782
902,Beaver Head,33.69144,-109.21657
990,Beaver Pass,48.87930,-121.25550
331,Beaver Reservoir,45.14532,-118.21900
1143,Beaver Spring,36.32678,-109.05711
332,Ben Lomond Peak,41.37603,-111.94405
333,Ben Lomond Trail,41.38291,-111.92103
334,Berry Creek,39.31917,-114.62278
335,Berthoud Summit,39.80392,-105.77789
1182,Bettles Field,66.91667,-151.53333
1214,Bevans Cabin,40.46182,-112.25233
336,Big Bend,41.76168,-115.69310
337,Big Creek Sum,39.29148,-117.11506
338,Big Creek Summit,44.62621,-115.79561
339,Big Flat,38.30183,-112.35672
931,Big Goose,44.57924,-107.20068
340,Big Meadow,39.45500,-119.94220
341,Big Red Mountain,42.05257,-122.85487
342,Big Sandy Opening,42.64580,-109.25965
1229,Big Sheep AM,45.16842,-117.08631
343,Bigelow Camp,42.07875,-123.34393
344,Billie Creek Divide,42.40717,-122.26617
1155,Bird Creek,39.46138,-114.64863
345,Bison Lake,39.76487,-107.35681
346,Bisson Creek,47.68389,-113.99901
347,Black Bear,44.50832,-111.12803
348,Black Flat-U.M. Ck,38.67990,-111.59765
1185,Black Mesa,37.78972,-108.18365
1161,Black Mountain,40.88800,-105.66397
349,Black Pine,46.41400,-113.43095
1119,Blackhall Mtn,41.05616,-106.71384
1162,Blacks Fork Jct,40.95814,-110.58280
1144,Blacktail Mtn,47.98288,-114.35430
350,Blackwater,44.37667,-109.79333
351,Blazed Alder,45.42870,-121.85605
352,Blewett Pass,47.35037,-120.67960
353,Blind Bull Sum,42.96400,-110.60973
354,Blind Park,44.10772,-103.97688
355,Bloody Dick,45.16507,-113.50099
356,Blue Lakes,38.60800,-119.92437
357,Blue Mountain Spring,44.24767,-118.51722
1278,Bobs Hollow,38.94569,-112.15349
978,Bogus Basin,43.76377,-116.09685
358,Bone Springs Div,44.67888,-107.58110
359,Bostetter R.S.,42.16442,-114.19272
360,Boulder Mountain,46.55960,-111.28973
361,Bourne,44.83052,-118.18787
362,Bowman Springs,45.36428,-118.46715
363,Box Canyon,45.27190,-110.24903
364,Box Creek,38.50809,-112.01856
1156,Box Springs,38.49746,-112.00779
365,Brackett Creek,45.89107,-110.93851
1154,Brian Head,37.67994,-112.85674
366,Brighton,40.59936,-111.58167
1111,Bristlecone Trail,36.31575,-115.69543
367,Brooklyn Lake,41.35885,-106.23209
368,Brown Duck,40.58102,-110.58587
1080,Brown Top,48.92755,-121.19713
369,Brumley,39.08766,-106.54170
370,Brundage Reservoir,45.04315,-116.13253
371,Buck Flat,39.13400,-111.43722
1192,Buck Pasture,40.84456,-110.66068
1153,Buckboard Flat,37.86943,-109.44717
1107,Buckinghorse,47.70860,-123.45747
938,Buckskin Joe,39.30350,-106.11307
1292,Buckskin Lake AM,43.02503,-118.94785
373,Buckskin Lower,41.75067,-117.53182
913,Buffalo Park,40.22861,-106.59528
374,Bug Lake,41.68541,-111.41987
1293,Bull Basin AM,42.35673,-116.95906
375,Bumping Ridge,46.81003,-121.33058
376,Bunchgrass Mdw,48.68688,-117.17633
377,Burgess Junction,44.78765,-107.52917
1051,Burnside Lake,38.71943,-119.89420
942,Burnt Mountain,47.04440,-121.94032
981,Burnt Mtn,45.24010,-109.45961
378,Burro Mountain,39.87505,-107.59853
379,Burroughs Creek,43.69733,-109.67021
1135,Burts Miller Ranch,40.98492,-110.85075
380,Butte,38.89433,-106.95300
1109,Calamity,45.90362,-122.21633
1289,Call Meadows AM,43.81191,-118.78565
381,Calvert Creek,45.88380,-113.32553
382,Camas Creek Divide,43.26548,-115.34530
383,Camp Jackson,37.81333,-109.48723
384,Canyon,44.71961,-110.51084
385,Carrot Basin,44.96192,-111.29403
1067,Carson Pass,38.69270,-120.00220
386,Cascade,37.65083,-107.80602
387,Cascade #2,37.65800,-107.80268
1039,Cascade Mountain,40.28300,-111.60992
388,Cascade Summit,43.59042,-122.06010
389,Casper Mtn.,42.73389,-106.31861
1130,Castle Creek,43.67480,-109.37740
390,Castle Valley,37.66098,-112.74093
1152,Cave Mountain,39.16337,-114.61330
1085,Cayuse Pass,46.86954,-121.53430
391,Cedar Pass,41.58233,-120.30250
1139,Chalender,35.26247,-112.06231
392,Chalk Creek #1,40.85464,-111.04765
393,Chalk Creek #2,40.88529,-111.06954
394,Chamita,36.95636,-106.65682
1101,Chapman Tunnel,39.26217,-106.62931
395,Chemult Alternate,43.22625,-121.80662
1260,Chena Lakes,64.75793,-147.21823
396,Chepeta,40.77458,-110.01050
1093,Chisana,62.06900,-142.04900
895,Chocolate Gulch,43.76850,-114.41812
1046,Cinnabar Park,41.23837,-106.23095
398,Clackamas Lake,45.09658,-121.75443
983,Clayton Springs,37.97250,-111.83355
399,Clear Creek #1,39.86671,-111.28363
400,Clear Creek #2,39.89275,-111.25154
401,Clear Lake,45.18832,-121.69160
402,Cloud Peak Reservoir,44.40343,-107.06057
403,Clover Meadow,45.01788,-111.84560
1059,Cochetopa Pass,38.16283,-106.59883
405,Cold Springs,43.27676,-109.44585
406,Cold Springs Camp,42.53305,-122.17683
958,Coldfoot,67.25333,-150.18300
982,Cole Canyon,44.48632,-104.41057
407,Cole Creek,45.19405,-109.34548
1204,Columbia Basin,41.67167,-116.07033
408,Columbine,40.39480,-106.60408
409,Columbine Pass,38.41795,-108.38249
904,Columbus Basin,37.44147,-108.02445
410,Combination,46.46523,-113.39358
411,Cool Creek,46.76361,-115.29528
959,Cooper Lake,60.39027,-149.69360
412,Copeland Lake,40.20778,-105.56861
413,Copper Bottom,47.05678,-112.59500
414,Copper Camp,47.08158,-112.72955
415,Copper Mountain,39.48954,-106.17095
1209,Corduroy Flat,38.99651,-115.42478
416,Coronado Trail,33.80392,-109.15282
1236,Corral,39.65795,-110.37906
417,Corral Canyon,40.27551,-115.54017
418,Corral Pass,47.01872,-121.46464
419,Cottonwood Creek,42.64590,-110.81482
420,Cougar Mountain,47.27666,-121.67138
422,County Line,45.19107,-118.55015
1273,Cox Flat AM,42.36192,-120.60912
423,Cozy Cove,44.28846,-115.65508
424,Crab Creek,44.43700,-111.99384
425,Crater Meadows,46.56394,-115.28903
1010,Crazyman Flat,42.63810,-120.94917
426,Crosho,40.16745,-107.05750
1045,Crow Creek,41.22870,-105.38278
977,Crowder Flat,41.89318,-120.75202
427,Crystal Lake,46.78942,-109.51205
428,Css Lab,39.32565,-120.36807
430,Culebra #2,37.20945,-105.19959
431,Cumbres Trestle,37.01878,-106.45179
432,Currant Creek,40.35747,-111.08993
919,Daisy Peak,46.66858,-110.33022
433,Daly Creek,46.18367,-113.85330
434,Daly Lake,44.52147,-122.08718
435,Daniels-Strawberry,40.29530,-111.25677
436,Darkhorse Lake,45.17367,-113.58448
437,Deadman Creek,46.79279,-110.67545
438,Deadman Hill,40.80571,-105.76993
439,Deadwood Summit,44.54514,-115.56380
923,Deer Park,42.59076,-108.90273
1210,Defiance Mines,39.08527,-114.89977
440,Derr.,44.44650,-119.93012
442,Diamond Lake,43.18787,-122.14003
443,Diamond Peak,39.56361,-115.84421
444,Dills Camp,39.04554,-111.46875
445,Disaster Peak,41.96737,-118.18934
446,Dismal Swamp,41.99127,-120.18033
448,Divide,44.79317,-112.05645
449,Divide Peak,41.30398,-107.15241
450,Dollarhide Summit,43.60250,-114.67417
451,Dome Lake,44.57462,-107.29537
452,Donkey Reservoir,38.20840,-111.47412
453,Dorsey Basin,40.89343,-115.21104
454,Draw Creek,41.66100,-115.32340
455,Dry Bread Pond,41.41289,-111.53770
1243,Dry Creek,40.86380,-115.22014
906,Dry Fork,40.56533,-112.17343
457,Dry Lake,40.53397,-106.78130
943,Dungeness,47.87224,-123.07880
458,Dupuyer Creek,48.06341,-112.75730
960,Eagle Summit,65.48588,-145.41212
1105,East Boulder Mine,45.50381,-110.08019
953,East Palmer,61.59858,-149.09637
460,East Rim Divide,43.13097,-110.20230
461,East Willow Creek,39.31213,-109.53179
998,Easy Pass,48.85933,-121.43895
462,Ebbetts Pass,38.54970,-119.80468
936,Echo Lake,39.65627,-105.59345
463,Echo Peak,38.84900,-120.07950
1163,EF Blacks Fork GS,40.88472,-110.54056
464,Eilertson Meadows,44.86887,-118.11387
465,El Diente Peak,37.78617,-108.02155
910,Elbow Lake,48.69092,-121.90893
466,Elk Butte,46.83998,-116.12233
921,Elk Cabin,35.70430,-105.80675
1106,Elk Peak,46.48450,-110.71250
536,Elk Peak SC,46.47642,-110.72065
467,Elk River,40.84781,-106.96871
468,Elkhart Park G.S.,43.00657,-109.75893
1252,Elkhead Divide,40.79649,-107.10122
1120,Elliot Ridge,39.86400,-106.42460
469,Emery Creek,48.43412,-113.93725
470,Emigrant Springs,45.55808,-118.45383
471,Emigrant Summit,42.36055,-111.56085
1071,Esther Island,60.79800,-148.08570
472,Evening Star,44.65258,-109.78422
1092,Exit Glacier,60.19033,-149.62117
473,Fallen Leaf,38.93403,-120.05450
474,Farmington,40.97462,-111.80975
1054,Farmington Lower,40.99200,-111.81702
475,Farnsworth Lake,38.77246,-111.67662
476,Fawn Creek,41.82098,-116.10153
1268,Fielding Lake,63.20267,-145.63050
1274,Finley Corrals AM,42.45988,-120.78508
477,Fish Creek,42.70992,-118.63210
478,Fish Lake,47.53565,-121.08553
1149,Fish Lake Utah,38.50455,-111.76693
479,Fish Lk.,42.38010,-122.34943
480,Fisher Creek,45.06235,-109.94488
481,Five Points Lake,40.71785,-110.46721
482,Flattop Mtn.,48.80225,-113.85713
1285,Flower Mountain,59.39617,-136.28123
1186,Fool Creek,39.86870,-105.86750
1049,Forestdale Creek,38.68245,-119.95970
1121,Fort Valley,35.26806,-111.74486
961,Fort Yukon,66.57050,-145.24553
483,Fourmile Lake,42.43933,-122.22880
484,Franklin Basin,42.05050,-111.60120
1277,Fredonyer Peak,40.68799,-120.60805
485,Fremont Pass,39.37991,-106.19681
486,Frisco Divide,33.73646,-108.94502
487,Frohner Meadow,46.43545,-112.19277
641,Frostbite Bottom,61.74722,-149.26880
488,Fry,35.07297,-111.84374
1262,Fry Canyon,41.57022,-115.93645
489,Galena,43.87722,-114.67250
429,Galena AK,64.69662,-156.71497
490,Galena Summit,43.87497,-114.71363
491,Gallegos Peak,36.19446,-105.55795
1114,Garden City Summit,41.92150,-111.46930
1066,Gardner Peak,37.40083,-113.45988
492,Garfield R.S.,43.61040,-113.93080
1173,Garita Peak,36.00500,-106.54838
918,Garver Creek,48.97523,-115.81915
1221,GBRC HQ,39.32019,-111.48827
1222,GBRC Meadows,39.30229,-111.45383
1151,George Creek,41.91562,-113.41154
945,Gerber Reservoir,42.20620,-121.13340
493,Giveout,42.41320,-111.16630
1057,Glen Cove,38.87583,-105.07367
962,Gobblers Knob,66.74500,-150.66750
1195,Golconda,40.88358,-117.58812
1159,Gold Axe Camp,48.95160,-118.98640
494,Gold Center,44.76380,-118.31170
1256,Gold Mountain,48.18934,-118.45590
495,Gooseberry RS,38.80034,-111.68333
1184,Gooseberry RS Up,38.78820,-111.68892
1250,Government Corrals,42.04308,-118.31950
496,Graham Guard Sta.,43.95380,-115.27387
1082,Grand Targhee,43.77933,-110.92783
956,Grandview,60.60832,-149.06313
497,Granite Creek,43.34298,-110.43495
963,Granite Crk,63.94382,-145.39993
498,Granite Peak,41.67032,-117.56668
499,Grassy Lake,44.12612,-110.83435
500,Grave Creek,48.91453,-114.76663
501,Grave Springs,43.46643,-107.23977
1058,Grayback,37.47033,-106.53783
502,Green Lake,46.54741,-121.17093
503,Green Mountain,40.38480,-115.52757
504,Greenpoint,45.62237,-121.70415
505,Grizzly Peak,39.64631,-105.86973
506,Gros Ventre Summit,43.38939,-110.12943
507,Grouse Camp,47.28107,-120.48771
964,Grouse Creek Divide,60.25965,-149.34228
944,Gunsight Pass,43.38332,-109.87815
1065,Gutz Peak,37.49617,-113.94235
508,Hagans Meadow,38.85190,-119.93740
509,Hams Fork,42.14600,-110.67833
510,Hand Creek,48.30754,-114.84075
511,Hannagan Meadows,33.65387,-109.30952
512,Hansen Sawmill,44.25602,-106.97983
969,Happy Jack,34.74598,-111.41207
896,Hardscrabble,40.86833,-111.71865
514,Harris Flat,37.48997,-112.57602
1218,Hart Mountain AM,42.47972,-119.71917
515,Harts Pass,48.72047,-120.65860
516,Hawkins Lake,48.97230,-115.95337
1271,Hawley Lake,33.97142,-109.76528
517,Hayden Fork,40.79669,-110.88472
1102,Hayden Pass,38.29326,-105.85050
518,Heavenly Valley,38.92431,-119.91641
519,Heber,34.31202,-110.75431
1270,Heen Latinee,58.69652,-134.86448
520,Hemlock Butte,46.48111,-115.63361
1193,Henrys Fork,40.86313,-110.38145
521,Hewinta,40.95009,-110.48419
522,Hickerson Park,40.90663,-109.96287
988,Hidden Lake,48.89370,-116.75748
1187,High Lonesome,40.03592,-105.75471
523,High Ridge,45.69682,-118.10657
524,Hilts Creek,44.01897,-113.47230
1223,Hobble Creek,40.18538,-111.35971
525,Hobbs Park,42.86984,-109.09455
526,Hogg Pass,44.42042,-121.85655
527,Hole-in-Mountain,40.94168,-115.09540
528,Hole-in-Rock,40.92167,-110.18623
529,Holland Meadows,43.66917,-122.56877
530,Hoodoo Basin,46.97510,-115.03490
531,Hoosier Pass,39.36127,-106.05978
532,Hopewell,36.71631,-106.26348
1050,Horse Meadow,38.83652,-119.88732
533,Horse Ridge,41.31372,-111.44624
1264,Horsepasture Pass,62.13450,-147.62500
1122,Hourglass Lake,40.57913,-105.63068
1158,Howard Prairie,42.21500,-122.37130
534,Howell Canyon,42.32029,-113.61587
991,Hozomeen Camp,48.98075,-121.07976
928,Huckleberry Creek,47.06565,-121.58778
535,Humboldt Gulch,47.53178,-115.77643
1216,Huntington Horse,39.61774,-111.30576
537,Hyndman,43.71077,-114.15894
538,Idarado,37.93390,-107.67552
968,Imnaviat Creek,68.61683,-149.30017
539,Independence Camp,39.45269,-120.29367
540,Independence Creek,39.49001,-120.28226
541,Independence Lake,39.42752,-120.31342
1091,Independence Mine,61.79117,-149.27967
542,Independence Pass,39.07539,-106.61169
543,Indian Canyon,39.89166,-110.74604
544,Indian Creek,42.30023,-110.67753
946,Indian Pass,61.06767,-149.47950
1129,Indian Rock,45.99077,-120.80767
545,Irish Taylor,43.80368,-121.94793
546,Island Park,44.42030,-111.38512
547,Ivanhoe,39.29202,-106.54923
548,Jack Creek Upper,41.54675,-116.00517
1275,Jack Wade Jct,64.15290,-141.32693
549,Jacks Peak,41.51360,-116.01170
550,Jackson Peak,44.05092,-115.44322
935,Jackwhacker Gulch,39.56667,-105.80000
456,Jahnke Lake Trail,45.21665,-113.50143
1211,Jakes Creek,41.56870,-115.03243
1287,JL Meadow,44.77665,-113.12217
551,Joe Wright,40.53215,-105.88700
1036,Johnsons Camp,64.56460,-164.29257
1099,Jones Corral,38.07125,-112.16788
970,Jones Pass,39.76450,-105.90623
552,Jump Off Joe,44.38605,-122.16683
553,June Lake,46.14778,-122.15413
1150,Kalamazoo,39.55790,-114.62762
1072,Kantishna,63.54167,-150.99400
554,Kelley R.S.,42.26554,-110.80177
1175,Kelly Station,67.93333,-162.28333
966,Kenai Moose Pens,60.72700,-150.47517
555,Kendall R.S.,43.24930,-110.01662
1145,Kilfoil Creek,41.24764,-111.41249
556,Kiln,39.31724,-106.61453
557,Kimberly Mine,38.48383,-112.39273
558,King Mountain,42.72395,-123.20037
559,Kings Cabin,40.71632,-109.54401
560,Kirwin,43.86067,-109.32163
1115,Klondike Narrows,41.96769,-111.59713
561,Kolob,37.52664,-113.05386
562,Kraft Creek,47.42749,-113.77515
563,Lake Creek R.S.,44.21007,-118.63752
564,Lake Eldora,39.93678,-105.58956
565,Lake Irene,40.41432,-105.81980
566,Lakefork #1,40.59709,-110.43316
1116,Lakefork #3,40.55020,-110.35290
513,Lakefork Basin,40.73785,-110.62121
568,Lakeview Ridge,44.58907,-111.82498
569,Lamance Creek,41.51542,-117.63197
570,Lamoille #3,40.64480,-115.38120
571,Laprele Creek,42.43583,-105.86083
1134,Larsen Creek,42.58010,-109.08830
572,Lasal Mountain,38.48226,-109.27198
1215,Lasal Mountain-Lower,38.48167,-109.29164
573,Laurel Draw,41.77637,-116.02957
574,Leavitt Lake,38.27594,-119.61281
575,Leavitt Meadows,38.30367,-119.55111
1112,Lee Canyon,36.30537,-115.67508
576,Lemhi Ridge,44.99380,-113.44399
577,Lewis Lake Divide,44.20862,-110.66628
1006,Lewis Peak,40.35720,-116.86470
578,Lick Creek,45.50410,-110.96625
1056,Lightning Ridge,41.35891,-111.48749
579,Lily Lake,40.86493,-110.79813
580,Lily Pond,37.37929,-106.54835
582,Little Bear,41.40562,-111.82607
947,Little Chena Ridge,65.12422,-146.73390
1131,Little Goose,44.54315,-107.17865
583,Little Grassy,37.48631,-113.84582
584,Little Meadows,44.61297,-122.22565
1047,Little Snake River,41.07053,-106.94283
1242,Little Valley,39.25259,-119.87710
585,Little Warm,43.50278,-109.75200
586,Lizard Head Pass,37.79926,-107.92426
587,Lobdell Lake,38.43745,-119.36572
588,Lolo Pass,46.63448,-114.58072
589,Lone Cone,37.89183,-108.19544
590,Lone Mountain,45.27412,-111.42692
591,Lone Pine,46.27143,-121.96288
1261,Lonesome Beaver,38.07000,-110.77241
1123,Long Draw Resv,40.51230,-105.76560
592,Long Flat,37.51255,-113.39661
1001,Long Lake,58.18600,-133.83217
1016,Long Valley,44.78835,-116.08878
593,Long Valley Jct,37.48756,-112.51458
768,Look Eyrie,63.32192,-145.59655
594,Lookout,47.45749,-115.70457
1298,Lookout Butte,42.13397,-117.17992
595,Lookout Mountain,33.36027,-107.83122
596,Lookout Peak,40.83731,-111.70965
597,Loomis Park,43.17387,-110.14007
1118,Lost Creek Resv,41.22155,-111.35947
940,Lost Dog,40.81588,-106.74835
599,Lost Horse,46.35750,-121.08095
600,Lost Lake,47.08090,-115.96040
601,Lost-Wood Divide,43.82432,-114.26402
972,Louis Meadow,40.83033,-111.76457
1296,Louse Canyon,42.07059,-117.54830
602,Loveland Basin,39.67433,-105.90133
1265,Lower Kachemak Creek,59.73507,-150.69327
603,Lower Twin,45.50871,-111.92288
604,Lubrecht Flume,46.88293,-113.32228
605,Lucky Strike,45.27478,-118.84790
606,Lyman Lake,48.19798,-120.91678
1069,Lynn Lake,47.20172,-121.77972
607,Lynx Pass,40.07806,-106.67028
608,Madison Butte,45.10513,-119.49585
609,Madison Plateau,44.58623,-111.11627
610,Magic Mountain,42.18072,-114.28662
612,Mammoth-Cottonwood,39.68338,-111.31818
905,Mancos,37.43087,-108.16954
613,Many Glacier,48.79698,-113.67050
614,Marion Forks,44.59397,-121.97365
615,Marlette Lake,39.16395,-119.89672
616,Marquette,44.30160,-109.24019
999,Marten Ridge,48.76292,-121.69823
617,Maverick Fork,33.92121,-109.45881
1096,May Creek,61.34783,-142.70967
618,Mc Clure Pass,39.12897,-107.28806
1040,Mccoy Park,39.60468,-106.54128
785,McGrath,62.94652,-155.61020
619,Mckenzie,44.21030,-121.87292
1048,Mcknight Cabin,33.00812,-107.86975
1003,Mcneil Canyon,59.74433,-151.25133
1191,Mcneil River SGS,59.08332,-154.27543
620,Meadow Lake,44.43655,-113.31815
897,Meadows Pass,47.28312,-121.47197
1196,Med Bow,41.37833,-106.34681
914,Medano Pass,37.85164,-105.43614
621,Merchant Valley,38.30285,-112.43637
1207,Merritt Mountain,41.89270,-115.85800
622,Mesa Lakes,39.05831,-108.05835
1011,MF Nooksack,48.82453,-121.92951
623,Mica Creek,47.15045,-116.26643
937,Michigan Creek,39.43577,-105.91078
1206,Midas,41.26873,-116.80332
624,Middle Creek,37.61978,-107.03482
1064,Middle Fork Bradley,59.77683,-150.75733
1014,Middle Fork Camp,39.79560,-106.02730
625,Middle Powder,43.62728,-107.18138
626,Midway Valley,37.56933,-112.83849
1079,Milk Shakes,45.98210,-117.94883
627,Mill Creek Summit,44.47212,-114.48992
628,Mill-D North,40.65883,-111.63683
1084,Miller Woods,45.24755,-123.27563
629,Mineral Creek,37.84747,-107.72657
631,Mining Fork,40.49384,-112.61141
632,Molas Lake,37.74932,-107.68866
1094,Monahan Flat,63.30533,-147.64633
633,Monitor Pass,38.66830,-119.60870
634,Monte Cristo,41.46547,-111.49688
949,Monument Creek,65.07833,-145.87067
635,Monument Peak,45.21759,-110.23700
1124,Moon Pass,37.96661,-106.55837
636,Moonshine,44.41470,-113.39812
1176,Moore Creek Bridge,59.58783,-135.21050
638,Moose Creek,45.67008,-113.95315
1035,Moraine,61.37727,-148.99917
637,Mores Creek Summit,43.93200,-115.66588
639,Morgan Creek,44.84237,-114.26871
640,Mormon Mountain,34.94109,-111.51849
1125,Mormon Mtn Summit,34.96964,-111.50922
642,Morse Lake,46.90585,-121.48270
643,Mosby Mtn.,40.60798,-109.88810
989,Moscow Mountain,46.80500,-116.85350
644,Moses Mtn,48.36163,-119.08159
645,Mosquito Ridge,48.05726,-116.23055
646,Moss Peak,47.68493,-113.96230
647,Moss Springs,45.27173,-117.68747
648,Mount Crag,47.76370,-123.02600
898,Mount Gardner,47.35768,-121.56812
649,Mount Lockhart,47.91727,-112.82380
650,Mountain Meadows,45.69694,-115.22972
941,Mowich,46.92833,-121.95232
1224,Mt Baldy,39.13648,-111.50527
651,Mt Hood Test Site,45.32097,-121.71580
1269,Mt Pennell,37.97793,-110.79330
652,Mt Rose Ski Area,39.31573,-119.89473
1103,Mt. Alyeska,60.95983,-149.08617
1073,Mt. Eyak,60.55000,-145.74500
653,Mt. Howard,45.26522,-117.17373
948,Mt. Ryan,65.25113,-146.15133
1126,Mt. Tebo,47.46061,-123.41219
1259,Muckamuck,48.58526,-119.86624
654,Mud Flat,42.60040,-116.55925
655,Mud Ridge,45.25362,-121.73673
656,Mule Creek,45.40957,-112.95927
950,Munson Ridge,64.85033,-146.20945
1053,Myrtle Creek,48.72263,-116.46312
657,N Fk Elk Creek,46.87160,-113.27725
658,Nast Lake,39.29722,-106.60694
1138,Navajo Whiskey Ck,36.17728,-108.94691
903,Nevada Ridge,46.84234,-112.50787
1031,Never Summer,40.40405,-105.95583
660,New Crescent Lake,43.51185,-121.97982
661,New Fork Lake,43.11265,-109.94947
662,Nez Perce Camp,45.73107,-114.48075
1279,Nicks Valley,61.16371,-145.64092
663,Niwot,40.03523,-105.54426
664,Noisy Basin,48.15678,-113.94637
665,North Costilla,36.99378,-105.25963
666,North Fork,45.55050,-122.00283
667,North Fork Jocko,47.27260,-113.75617
668,North French Creek,41.33080,-106.37555
669,North Lost Trail,39.07813,-107.14389
920,North Rapid Creek,44.20617,-103.78758
670,Northeast Entrance,45.00565,-110.01406
1037,Nuka Glacier,59.69867,-150.70967
1127,Nutrioso,33.89747,-109.15517
1146,Oak Creek,39.34850,-112.32639
671,Ochoco Meadows,44.42917,-120.33110
672,Olallie Meadows,47.37406,-121.44213
673,Old Battle,41.15397,-106.96937
1272,ONeil Creek,41.86420,-115.08316
1008,Onion Park,46.91348,-110.85360
675,Overland Res.,39.09056,-107.63472
676,Owl Creek,43.65868,-109.00988
677,Oxford Spring,42.26015,-112.12515
1170,Palo,36.40848,-105.33063
1148,Panguitch Lake RS,37.70463,-112.65037
679,Paradise,46.78265,-121.74765
986,Pargon Creek,64.99350,-163.10317
680,Park Cone,38.81996,-106.58974
681,Park Creek Ridge,48.44488,-120.91551
682,Park Reservoir,39.04644,-107.87414
683,Parker Peak,44.73396,-109.91484
684,Parleys Summit,40.76184,-111.62917
856,Parleys Upper,40.70194,-111.60619
971,Parrish Creek,40.93417,-111.81372
1241,Patton Meadows AM,42.24522,-120.60527
686,Payson R.S.,39.92976,-111.63109
687,Peavine Ridge,45.04148,-121.93252
1104,Pepper Creek,46.10242,-121.95555
930,Peterson Meadows,46.12588,-113.30792
688,Phantom Valley,40.39937,-105.84757
689,Phillips Bench,43.51687,-110.91258
690,Pickfoot Creek,46.57978,-111.26832
691,Pickle Keg,39.01219,-111.58259
1142,Pierce R.S.,46.49597,-115.79570
692,Pigtail Peak,46.62153,-121.38643
693,Pike Creek,48.30305,-113.32868
694,Pine Creek,38.88185,-112.24915
695,Pine Creek Pass,43.56998,-111.21157
1263,Pinto Rock,46.32318,-121.94219
696,Placer Basin,45.41905,-110.08844
1133,Pocket Creek,42.71210,-109.41120
697,Poison Flat,38.50576,-119.62624
1244,Pole Canyon,40.86293,-115.12067
698,Pole Creek R.S.,41.87255,-115.24713
932,Poorman Creek,48.12672,-115.62333
699,Pope Ridge,47.99090,-120.56622
700,Porcupine,46.11192,-110.46960
701,Porphyry Creek,38.48884,-106.33965
987,Port Graham,59.35065,-151.84768
2170,Porter Canyon,39.46544,-117.62069
702,Potato Hill,46.34963,-121.51435
703,Powder River Pass,44.16188,-107.12622
704,Prairie,43.50513,-115.57300
705,Promontory,34.36824,-111.01084
1177,Prudhoe Bay,70.26666,-148.56666
706,Quartz Mountain,42.31923,-120.82533
707,Quartz Peak,47.87927,-117.08938
708,Quemazon,35.92244,-106.39203
1297,Quinn Ridge,41.96219,-117.33968
709,Rabbit Ears,40.36783,-106.74038
1081,Ragged Mountain,47.85583,-117.03667
710,Railroad Overpass,43.65887,-122.21272
1110,Rainbow Canyon,36.24930,-115.62972
711,Rainy Pass,48.51865,-120.73580
1032,Rawah,40.70750,-106.00760
1290,Red Canyon AM,42.42817,-116.84653
712,Red Hill,45.46430,-121.70428
713,Red Mountain Pass,37.89180,-107.71342
714,Red Pine Ridge,39.45197,-111.27221
715,Red River Pass #2,36.69925,-105.34125
1225,Redden Mine Lwr,40.67505,-111.21765
1217,Rees Flat,39.49667,-111.72508
716,Reno Hill,42.57111,-106.08889
911,Rex River,47.30218,-121.60475
2029,Reynolds Creek,43.28863,-116.84310
933,Rice Park,35.23333,-108.26667
1254,Rio Santa Barbara,36.07192,-105.62947
717,Ripple Creek,40.10812,-107.29411
718,Roach,40.87502,-106.04603
719,Roaring River,43.90098,-122.03063
1199,Robinson Lake,40.72550,-115.27980
720,Rock Creek,40.54875,-110.69292
721,Rock Springs,44.00883,-118.83842
722,Rocker Peak,46.35613,-112.26176
723,Rocky Basin-Settleme,40.44293,-112.22377
917,Rocky Boy,48.17478,-109.64728
973,Rocky Point,64.53482,-163.42140
1220,Rogger Meadow AM,42.16528,-120.24747
939,Rough And Tumble,39.03333,-106.08333
724,Rubicon #2,38.99927,-120.13139
725,S Fork Shields,46.08960,-110.43363
929,Sacajawea,45.87395,-110.92783
726,Saddle Mountain,45.54477,-123.37315
727,Saddle Mtn.,45.69259,-113.96828
1015,Sage Creek Basin,41.40100,-107.25717
1183,Sagwon,69.42417,-148.69250
1100,Saint Elmo,38.69978,-106.36801
728,Salmon Meadows,48.65518,-119.83830
729,Salt Creek Falls,43.61193,-122.11758
730,Salt River Summit,42.50750,-110.90990
1172,San Antonio Sink,36.86220,-106.22502
731,Sand Lake,41.46257,-106.28107
732,Sandstone RS,41.11172,-107.17060
922,Santa Fe,35.76694,-105.78333
1280,Santaquin Meadows,39.92076,-111.71802
733,Santiam Jct.,44.43503,-121.94502
1128,Sargents Mesa,38.28555,-106.37069
734,Sasse Ridge,47.38485,-121.06323
1231,Satus Pass,45.98797,-120.67734
735,Savage Pass,46.46633,-114.63333
1068,Sawmill Ridge,47.15992,-121.42172
1251,Sawtooth,40.13697,-105.58625
736,Schneider Meadows,45.00107,-117.16522
737,Schofield Pass,39.01522,-107.04877
915,Schwartz Lake,44.84618,-113.83732
738,Schweitzer Basin,48.37428,-116.63917
739,Scotch Creek,37.64556,-108.00786
740,Secesh Summit,45.18848,-115.97152
741,Sedgwick Peak,42.52497,-111.95635
742,Seeley Creek,39.31042,-111.43297
743,Seine Creek,45.52688,-123.29857
744,Senorita Divide #2,36.00198,-106.83348
1043,Sentinel Butte,48.86133,-118.39843
745,Sevenmile Marsh,42.69825,-122.14165
746,Seventysix Creek,41.73732,-115.47215
747,Shanghi Summit,46.56603,-115.74216
1060,Sharkstooth,37.50357,-108.11373
748,Sheep Canyon,46.19325,-122.25393
749,Sheep Mtn.,43.21030,-111.68792
750,Sheldon,41.90435,-119.44464
751,Shell Creek,44.50012,-107.42947
1219,Sherman Valley AM,42.35720,-120.22522
752,Sherwin,46.95028,-116.33972
753,Short Creek,44.97572,-111.95215
754,Shower Falls,45.40125,-110.95758
1169,Shuree,36.78778,-105.23999
1034,Sierra Blanca,33.40472,-105.78722
755,Signal Peak,32.92401,-108.14538
756,Silver Creek,42.95615,-121.18123
757,Silver Creek Divide,33.37106,-108.70618
1205,Silver Creek Nv,39.23305,-114.24290
759,Silvies,42.75333,-118.68785
760,Skalkaho Summit,46.24212,-113.77250
1257,Skate Creek,46.64336,-121.83044
912,Skookum Creek,47.68433,-121.61007
1286,Slagamelt Lakes,45.36526,-113.71834
783,Sleeping Woman,47.17902,-114.33368
761,Slug Creek Divide,42.56248,-111.29797
762,Slumgullion,37.99080,-107.20327
926,Smiley Mountain,43.72718,-113.83402
763,Smith  Morehouse,40.78931,-111.09192
1235,Smith Creek,40.44670,-115.51140
1167,Smith Ridge,44.30325,-122.04053
764,Snake River Station,44.13361,-110.66917
765,Snider Basin,42.49490,-110.53203
767,Snow Mountain,43.94885,-119.54013
766,Snowbird,40.56914,-111.65852
927,Snowslide Canyon,35.34160,-111.65058
1208,Snowstorm Mtn,41.33981,-116.98044
1132,Soldier Park,44.34847,-107.01360
769,Soldier R.S.,43.48407,-114.82692
770,Somsen Ranch,42.95275,-111.35933
771,Sonora Pass,38.31021,-119.60030
985,Sourdough Gulch,46.23718,-117.39438
772,South Brush Creek,41.32943,-106.50248
773,South Colony,37.96811,-105.53787
925,South Fork Bull Run,45.44575,-122.03125
774,South Mtn.,42.76478,-116.90037
775,South Pass,42.57317,-108.84325
776,Spencer Meadow,46.17950,-121.92661
777,Spirit Lake,46.26113,-122.17720
1117,Spirit Lk,40.83868,-110.00527
778,Spratt Creek,38.66627,-119.81741
779,Spring Creek Divide,42.52516,-110.66148
984,Spruce Springs,46.18287,-117.54155
780,Spud Mountain,37.69866,-107.77715
781,Spur Park,46.77962,-110.62165
782,Squaw Flat,44.77091,-116.24805
784,Squaw Valley G.C.,39.18986,-120.26576
786,St. Lawrence Alt,43.03313,-109.17025
1203,Stag Mountain,41.40800,-115.44640
787,Stahl Peak,48.90902,-114.86298
788,Stampede Pass,47.27427,-121.34162
789,Starr Ridge,44.26423,-119.02162
1258,State Line,41.98609,-120.71574
993,State Line AM,41.98690,-120.71510
790,Steel Creek Park,40.90862,-110.50462
791,Stevens Pass,47.74607,-121.09288
792,Stickney Mill,43.86117,-114.20902
793,Stillwater Creek,40.22543,-105.91977
794,Strawberry,42.12587,-120.83610
795,Strawberry Divide,40.16483,-111.20665
1009,Stringer Creek,46.92690,-110.90198
901,Stuart Mountain,46.99523,-113.92664
797,Stump Lakes,37.47621,-107.63295
798,Sucker Creek,44.72250,-107.40033
1095,Sugarloaf Mtn,61.08100,-146.29950
800,Summer Rim,42.69570,-120.80158
955,Summit Creek,60.61713,-149.53128
801,Summit Lake,43.44907,-122.13808
1194,Summit Lk,41.48953,-118.99663
1052,Summit Meadow,38.39747,-119.53522
802,Summit Ranch,39.71796,-106.15802
1078,Sun Pass,42.78637,-121.97715
1249,Sunflower Flat,38.04800,-111.33981
803,Sunset,47.55545,-115.82422
804,Surprise Lakes,46.09497,-121.76345
967,Susitna Valley High,62.13333,-150.04167
1248,Suu Ranch,37.59711,-112.92949
975,Swamp Creek,48.57142,-120.78267
1077,Swan Lake Mtn,42.41323,-121.68002
805,Swede Peak,43.62600,-113.96887
1012,Swift Creek,46.16380,-122.18402
806,Sylvan Lake,44.47764,-110.15651
807,Sylvan Road,44.47825,-110.03808
809,Tahoe City Cross,39.17162,-120.15362
1247,Takka Wiiya,39.74104,-113.98262
1168,Taos Powderhorn,36.58203,-105.45611
810,Taylor Butte,42.69108,-121.42592
811,Taylor Canyon,41.22870,-116.02930
812,Taylor Green,45.07707,-117.55067
1266,Telaquana Lake,60.98243,-153.91772
1013,Temple Fork,41.79300,-111.54605
1202,Tent Mtn Lower,40.97852,-115.17215
1201,Tent Mtn Upper,40.96535,-115.16458
813,Tepee Creek,44.78562,-111.71000
951,Teuchet Creek,64.94583,-145.51667
814,Thaynes Canyon,40.62350,-111.53322
1226,Thistle Flat,39.23803,-111.51998
815,Three Creeks Meadow,44.14425,-121.64095
816,Thumb Divide,44.36917,-110.57717
817,Thunder Basin,48.52753,-120.98950
818,Tie Creek,44.81243,-107.41017
819,Timber Creek,44.02740,-109.17879
1097,Timberline,39.67712,-110.43395
820,Timpanogos Divide,40.42817,-111.61633
899,Tinkham Creek,47.33198,-121.46975
821,Tipton,44.65567,-118.42617
893,Tizer Basin,46.34937,-111.85308
1136,Toe Jam,41.31870,-116.34080
822,Togwotee Pass,43.74902,-110.05780
1044,Toketee Airstrip,43.22718,-122.42537
1089,Tokositna Valley,62.63000,-150.77617
934,Tolby,36.47493,-105.19468
823,Tony Grove Lake,41.89833,-111.62957
1113,Tony Grove RS,41.88573,-111.56918
824,Touchet,46.11868,-117.85050
825,Tower,40.53743,-106.67680
826,Townsend Creek,42.69525,-108.89572
827,Trapper Lake,39.99884,-107.23620
1083,Tres Ritos,36.12778,-105.52714
828,Trial Lake,40.67800,-110.94873
829,Trinchera,37.35328,-105.23233
1171,Trinity,48.07470,-120.84930
830,Trinity Mtn.,43.62903,-115.43818
831,Triple Peak,42.76393,-110.59140
832,Trough,47.23328,-120.29412
833,Trout Creek,40.73900,-109.67280
1238,Trout Creek AM,42.03597,-118.24008
1200,Trout Creek Upper,41.04570,-115.09650
834,Truckee #2,39.30087,-120.18407
954,Turnagain Pass,60.78043,-149.18325
1230,TV Ridge AM,45.39608,-117.38919
835,Twelvemile Creek,46.14287,-114.44755
836,Twin Lakes,46.14380,-114.50560
837,Two Ocean Plateau,44.15178,-110.22122
838,University Camp,40.03279,-105.57615
952,Upper Chena,65.10000,-144.93317
1227,Upper Joes Valley,39.41550,-111.24910
1090,Upper Nome Creek,65.36710,-146.59200
839,Upper Rio Grande,37.72194,-107.26015
840,Upper San Juan,37.48576,-106.83535
1141,Upper Taylor,38.99007,-106.74502
1055,Upper Tsaina River,61.19112,-145.64807
841,Upper Wheeler,47.28734,-120.37015
1098,Usu Doc Daniel,41.86425,-111.50603
1005,Ute Creek,37.61497,-105.37327
1237,V Lake AM,42.46573,-118.76583
1137,Vacarro Springs,39.44950,-115.98340
1017,Vacas Locas,36.02635,-106.81362
842,Vail Mountain,39.61676,-106.38006
843,Vallecito,37.48510,-107.50680
979,Van Wyck,44.37665,-116.33660
1294,Vaught Ranch AM,42.49491,-116.43665
844,Vernon Creek,39.93667,-112.41478
845,Vienna Mine,43.79942,-114.85273
846,Virginia Lakes Ridge,38.07298,-119.23433
1188,Wager Gulch,37.88248,-107.36430
847,Waldron,47.91998,-112.79087
848,Ward Creek #3,39.13545,-120.21865
849,Ward Mountain,39.13242,-114.95575
850,Warm Springs,46.27368,-113.16400
974,Waterhole,47.94485,-123.42594
852,Webber Springs,41.15946,-106.92714
853,Webster Flat,37.57500,-112.90155
909,Wells Creek,48.86610,-121.78976
1160,Weminuche Creek,37.51976,-107.32152
854,Wesner Springs,35.77556,-105.54250
855,West Branch,45.07220,-116.45413
1288,West Eagle Meadows AM,45.08467,-117.48167
924,West Yellowstone,44.65866,-111.09199
1147,Wheeler Peak,39.00995,-114.31021
857,Whiskey Ck,37.21411,-105.12245
858,Whiskey Creek,44.61088,-111.14998
859,Whiskey Park,41.00289,-106.90848
860,White Elephant,44.53267,-111.41085
861,White Horse Lake,35.14202,-112.14915
862,White Mill,45.04575,-109.90987
863,White Pass E.S.,46.64142,-121.38153
864,White River #1,39.96450,-110.98845
1213,White River Nv,38.94557,-115.37922
865,Widtsoe #3,37.83633,-111.88163
1042,Wild Basin,40.20105,-105.60248
866,Wildcat,33.75835,-109.47973
867,Wildhorse Divide,42.75743,-112.47783
868,Willow Creek,42.81513,-110.83515
869,Willow Creek Pass,40.34703,-106.09433
870,Willow Park,40.43254,-105.73337
871,Wilson Creek,42.01257,-115.00278
872,Windy Peak,42.28020,-105.57816
873,Wolf Creek,45.06703,-118.15192
1164,Wolf Creek Peak,40.47733,-111.04469
874,Wolf Creek Summit,37.47922,-106.80170
875,Wolverine,44.80417,-109.65700
876,Wood Creek,47.44847,-112.81428
877,Workman Creek,33.81242,-110.91773
1228,Wrigley Creek,39.13233,-111.35685
1197,Yankee Reservoir,37.74797,-112.77495
878,Younts Peak,43.93225,-109.81775
1033,Zirkel,40.79488,-106.59535